userId,movieId,rating,timestamp
1,19,5.0,0
1,27,2.5,0
1,4,2.5,0
1,2,4.0,0
1,11,4.5,0
1,20,2.5,0
1,8,2.5,0
1,24,3.5,0
1,13,3.0,0
1,17,4.5,0
1,15,3.0,0
1,3,4.5,0
1,25,4.0,0
1,10,3.5,0
1,16,2.5,0
1,5,2.0,0
1,14,3.0,0
1,23,3.0,0
2,24,4.5,0
2,21,2.0,0
2,23,2.5,0
2,1,2.5,0
2,9,2.0,0
2,10,2.5,0
2,15,3.5,0
2,7,2.0,0
2,17,3.0,0
2,5,3.5,0
2,2,2.5,0
2,11,2.5,0
2,4,4.5,0
2,6,4.5,0
2,3,3.0,0
2,25,3.5,0
2,12,2.5,0
2,19,3.0,0
3,27,2.5,0
3,26,3.0,0
3,11,3.0,0
3,15,4.0,0
3,7,4.0,0
3,1,2.5,0
3,2,4.5,0
3,18,3.5,0
3,4,2.0,0
3,29,2.0,0
3,6,2.0,0
3,14,3.0,0
3,22,2.0,0
3,5,2.5,0
3,28,5.0,0
3,16,4.0,0
3,8,4.5,0
3,24,2.0,0
4,14,2.5,0
4,27,3.5,0
4,5,3.0,0
4,16,3.0,0
4,24,5.0,0
4,22,2.0,0
4,6,2.0,0
4,17,4.0,0
4,11,4.0,0
4,18,2.0,0
4,2,3.0,0
4,9,2.5,0
4,10,3.5,0
4,23,3.0,0
4,20,3.0,0
4,8,3.0,0
4,3,5.0,0
4,28,5.0,0
5,22,5.0,0
5,9,2.5,0
5,12,2.0,0
5,27,2.0,0
5,24,2.0,0
5,11,4.0,0
5,13,4.0,0
5,25,5.0,0
5,8,4.0,0
5,16,3.0,0
5,14,4.5,0
5,10,2.5,0
5,20,4.5,0
5,17,3.5,0
5,3,4.0,0
5,21,3.5,0
5,1,3.0,0
5,6,2.0,0
6,5,3.5,0
6,8,3.5,0
6,14,3.0,0
6,21,2.0,0
6,16,4.5,0
6,30,2.5,0
6,1,2.5,0
6,20,2.5,0
6,19,4.5,0
6,22,4.5,0
6,10,4.5,0
6,2,3.0,0
6,13,1.5,0
6,12,4.5,0
6,24,3.0,0
6,3,2.0,0
6,28,2.0,0
6,17,2.5,0
7,12,4.0,0
7,20,4.5,0
7,9,3.0,0
7,2,3.5,0
7,23,3.5,0
7,22,2.5,0
7,14,3.0,0
7,11,3.5,0
7,4,2.0,0
7,10,2.0,0
7,1,1.5,0
7,30,4.0,0
7,25,3.0,0
7,8,3.5,0
7,15,4.0,0
7,21,2.5,0
7,29,1.5,0
7,3,3.5,0
8,3,4.0,0
8,5,2.5,0
8,21,4.0,0
8,29,4.5,0
8,20,3.0,0
8,6,2.5,0
8,11,4.0,0
8,30,2.5,0
8,22,2.5,0
8,8,2.0,0
8,15,3.0,0
8,2,4.0,0
8,24,5.0,0
8,4,3.5,0
8,13,3.0,0
8,17,4.0,0
8,18,2.0,0
8,27,3.5,0
9,21,2.5,0
9,2,1.5,0
9,6,4.5,0
9,27,5.0,0
9,1,2.0,0
9,12,3.0,0
9,19,2.5,0
9,9,2.5,0
9,17,2.0,0
9,20,3.5,0
9,18,5.0,0
9,15,3.0,0
9,16,3.5,0
9,22,5.0,0
9,7,3.0,0
9,30,3.5,0
9,26,3.0,0
9,24,5.0,0
10,11,3.0,0
10,15,3.5,0
10,18,3.5,0
10,13,2.5,0
10,4,2.0,0
10,14,2.0,0
10,16,4.5,0
10,30,5.0,0
10,6,3.0,0
10,27,1.5,0
10,2,4.5,0
10,26,2.5,0
10,20,4.5,0
10,29,3.5,0
10,1,1.5,0
10,8,4.0,0
10,5,3.0,0
10,24,1.5,0
11,18,2.0,0
11,29,2.5,0
11,25,3.0,0
11,15,3.5,0
11,17,5.0,0
11,16,3.0,0
11,11,5.0,0
11,24,4.5,0
11,22,4.0,0
11,10,4.0,0
11,2,1.5,0
11,9,3.5,0
11,8,2.5,0
11,30,4.0,0
11,13,3.5,0
11,5,1.5,0
11,19,2.0,0
11,23,3.0,0
12,3,3.5,0
12,7,2.5,0
12,1,4.0,0
12,24,2.5,0
12,27,3.0,0
12,17,3.5,0
12,6,2.5,0
12,25,5.0,0
12,10,1.5,0
12,18,2.0,0
12,30,2.0,0
12,15,1.5,0
12,9,2.0,0
12,2,4.0,0
12,12,2.5,0
12,5,4.5,0
12,8,5.0,0
12,20,5.0,0
13,23,3.5,0
13,7,3.0,0
13,25,2.5,0
13,12,4.0,0
13,24,3.0,0
13,16,4.0,0
13,5,4.0,0
13,27,3.5,0
13,3,3.0,0
13,11,3.0,0
13,13,3.5,0
13,14,3.5,0
13,17,2.0,0
13,1,3.0,0
13,2,2.5,0
13,30,3.0,0
13,4,4.0,0
13,6,3.5,0
14,20,4.5,0
14,21,2.0,0
14,15,4.5,0
14,9,3.5,0
14,10,2.5,0
14,12,2.5,0
14,28,4.0,0
14,13,2.5,0
14,22,3.0,0
14,16,3.0,0
14,8,3.5,0
14,27,4.0,0
14,23,4.5,0
14,3,5.0,0
14,7,4.0,0
14,19,3.0,0
14,18,3.5,0
14,24,2.5,0
15,26,4.0,0
15,23,2.0,0
15,28,2.0,0
15,12,3.5,0
15,8,4.0,0
15,22,3.0,0
15,29,4.0,0
15,6,3.0,0
15,24,3.0,0
15,3,4.0,0
15,1,4.5,0
15,4,2.5,0
15,9,3.0,0
15,30,3.0,0
15,15,3.0,0
15,10,3.5,0
15,16,3.0,0
15,2,5.0,0
16,10,3.0,0
16,11,1.5,0
16,19,2.0,0
16,18,3.5,0
16,24,4.0,0
16,14,4.5,0
16,15,2.5,0
16,2,2.5,0
16,22,4.0,0
16,12,2.5,0
16,21,2.0,0
16,27,4.5,0
16,4,4.5,0
16,9,3.0,0
16,26,3.0,0
16,30,3.0,0
16,3,3.5,0
16,20,3.5,0
17,28,4.5,0
17,16,4.5,0
17,21,2.0,0
17,13,2.5,0
17,11,2.0,0
17,7,5.0,0
17,12,4.5,0
17,25,4.0,0
17,26,3.0,0
17,29,1.5,0
17,1,2.0,0
17,10,3.5,0
17,3,2.0,0
17,6,3.0,0
17,5,3.5,0
17,8,3.5,0
17,20,4.0,0
17,24,2.5,0
18,16,2.0,0
18,6,3.0,0
18,9,3.0,0
18,19,3.0,0
18,28,3.5,0
18,17,4.5,0
18,8,2.0,0
18,18,2.5,0
18,15,3.0,0
18,22,3.0,0
18,2,2.0,0
18,3,3.0,0
18,24,4.5,0
18,4,2.5,0
18,30,3.5,0
18,20,3.5,0
18,29,2.5,0
18,1,4.5,0
19,11,2.0,0
19,26,4.0,0
19,7,3.5,0
19,21,4.0,0
19,13,4.0,0
19,17,3.5,0
19,15,3.0,0
19,23,1.5,0
19,4,2.5,0
19,8,4.0,0
19,24,3.5,0
19,1,3.5,0
19,9,3.5,0
19,20,3.5,0
19,10,3.0,0
19,16,3.0,0
19,30,2.0,0
19,12,2.5,0
20,10,4.5,0
20,23,5.0,0
20,8,3.0,0
20,19,4.5,0
20,7,2.5,0
20,13,3.0,0
20,5,4.0,0
20,24,4.5,0
20,12,4.0,0
20,30,2.5,0
20,6,3.5,0
20,21,3.0,0
20,25,3.5,0
20,20,2.5,0
20,17,2.5,0
20,27,4.0,0
20,11,2.5,0
20,16,5.0,0
21,27,3.0,0
21,2,3.0,0
21,22,2.5,0
21,7,3.5,0
21,21,2.0,0
21,19,1.5,0
21,12,3.0,0
21,11,2.5,0
21,29,2.0,0
21,5,2.5,0
21,20,4.5,0
21,26,3.0,0
21,13,2.0,0
21,30,4.0,0
21,1,3.5,0
21,23,4.5,0
21,14,3.0,0
21,9,3.0,0
22,25,3.5,0
22,28,4.0,0
22,14,2.5,0
22,27,2.0,0
22,26,4.5,0
22,8,2.5,0
22,20,2.0,0
22,13,3.5,0
22,24,4.5,0
22,4,3.0,0
22,30,2.0,0
22,6,3.0,0
22,3,4.5,0
22,21,4.5,0
22,23,3.5,0
22,7,3.0,0
22,15,3.0,0
22,1,4.5,0
23,27,5.0,0
23,26,3.0,0
23,18,4.5,0
23,17,2.5,0
23,7,2.5,0
23,16,2.5,0
23,9,2.0,0
23,14,4.0,0
23,8,3.5,0
23,12,2.0,0
23,4,4.5,0
23,21,3.0,0
23,23,1.5,0
23,29,4.0,0
23,1,3.0,0
23,6,5.0,0
23,20,4.5,0
23,15,2.5,0
24,10,4.0,0
24,19,4.0,0
24,9,3.5,0
24,17,2.5,0
24,5,3.5,0
24,25,3.5,0
24,8,3.0,0
24,29,1.5,0
24,23,3.5,0
24,18,4.5,0
24,3,2.5,0
24,12,4.5,0
24,7,3.0,0
24,1,3.0,0
24,21,3.5,0
24,15,3.0,0
24,28,4.0,0
24,16,4.0,0
25,4,2.5,0
25,25,3.0,0
25,14,2.5,0
25,8,3.0,0
25,21,3.0,0
25,10,3.0,0
25,26,4.0,0
25,12,4.0,0
25,22,2.0,0
25,2,2.5,0
25,30,3.5,0
25,28,4.0,0
25,15,4.0,0
25,27,2.0,0
25,1,4.0,0
25,5,2.5,0
25,9,2.5,0
25,24,4.5,0
26,13,3.0,0
26,23,1.5,0
26,11,2.0,0
26,10,2.5,0
26,17,3.5,0
26,7,2.5,0
26,8,4.0,0
26,3,4.5,0
26,5,4.0,0
26,20,4.0,0
26,2,4.0,0
26,6,2.0,0
26,14,4.5,0
26,29,4.0,0
26,1,3.5,0
26,27,3.5,0
26,4,2.5,0
26,9,3.5,0
27,26,2.5,0
27,2,2.5,0
27,28,3.5,0
27,25,2.5,0
27,4,4.0,0
27,10,4.0,0
27,13,2.5,0
27,21,2.5,0
27,30,3.0,0
27,17,3.0,0
27,5,4.5,0
27,19,4.5,0
27,7,3.0,0
27,15,3.5,0
27,12,4.5,0
27,22,4.0,0
27,6,4.0,0
27,11,2.5,0
28,11,2.5,0
28,21,3.0,0
28,1,3.5,0
28,22,2.5,0
28,27,2.0,0
28,30,4.0,0
28,24,2.5,0
28,12,2.0,0
28,2,3.5,0
28,15,4.0,0
28,4,3.0,0
28,16,3.5,0
28,13,2.5,0
28,5,2.5,0
28,25,4.0,0
28,20,4.0,0
28,9,3.0,0
28,26,3.5,0
29,7,3.5,0
29,21,5.0,0
29,18,2.5,0
29,29,4.5,0
29,3,4.5,0
29,26,4.5,0
29,20,2.5,0
29,11,4.0,0
29,30,2.5,0
29,5,2.0,0
29,14,2.5,0
29,13,3.0,0
29,9,2.5,0
29,12,4.0,0
29,2,4.5,0
29,19,4.0,0
29,10,4.0,0
29,23,3.0,0
30,13,3.5,0
30,26,2.5,0
30,14,5.0,0
30,3,3.5,0
30,15,2.5,0
30,19,2.5,0
30,16,3.0,0
30,27,4.0,0
30,25,3.5,0
30,23,3.0,0
30,21,2.5,0
30,6,4.5,0
30,22,4.5,0
30,17,2.0,0
30,28,3.0,0
30,8,4.0,0
30,4,4.5,0
30,5,4.0,0
31,19,4.5,0
31,28,4.0,0
31,11,2.5,0
31,4,2.0,0
31,18,4.5,0
31,25,5.0,0
31,17,2.5,0
31,22,2.5,0
31,7,3.5,0
31,1,2.5,0
31,27,1.5,0
31,29,2.0,0
31,26,2.5,0
31,21,3.5,0
31,15,5.0,0
31,30,4.0,0
31,20,5.0,0
31,24,2.5,0
32,14,3.0,0
32,25,3.0,0
32,17,5.0,0
32,3,4.5,0
32,22,3.0,0
32,5,3.0,0
32,16,3.0,0
32,26,3.0,0
32,11,4.5,0
32,6,2.0,0
32,24,4.0,0
32,28,5.0,0
32,23,4.0,0
32,30,4.5,0
32,10,4.0,0
32,29,2.0,0
32,19,2.5,0
32,20,2.5,0
33,2,4.5,0
33,11,2.5,0
33,28,3.5,0
33,14,4.5,0
33,24,2.5,0
33,21,3.5,0
33,19,3.5,0
33,27,3.5,0
33,25,3.0,0
33,29,2.5,0
33,30,2.5,0
33,6,2.5,0
33,1,4.0,0
33,12,3.0,0
33,22,4.0,0
33,3,4.5,0
33,8,5.0,0
33,13,4.5,0
34,21,2.5,0
34,29,3.5,0
34,26,2.0,0
34,13,1.5,0
34,10,4.0,0
34,5,3.0,0
34,18,3.5,0
34,3,1.5,0
34,11,2.0,0
34,27,4.0,0
34,15,4.5,0
34,28,3.0,0
34,25,2.0,0
34,22,4.0,0
34,4,3.5,0
34,30,3.0,0
34,23,4.5,0
34,14,3.0,0
35,16,3.5,0
35,28,3.5,0
35,4,2.0,0
35,26,4.0,0
35,20,5.0,0
35,10,3.0,0
35,13,3.0,0
35,11,2.5,0
35,24,2.5,0
35,25,3.5,0
35,27,1.0,0
35,8,3.0,0
35,7,2.5,0
35,14,1.5,0
35,12,2.0,0
35,18,4.5,0
35,22,2.5,0
35,2,4.5,0
36,16,3.0,0
36,2,4.5,0
36,10,4.5,0
36,24,4.5,0
36,5,2.0,0
36,8,3.5,0
36,12,3.5,0
36,23,3.0,0
36,9,2.5,0
36,22,2.5,0
36,30,1.5,0
36,18,2.5,0
36,29,3.5,0
36,1,5.0,0
36,17,5.0,0
36,28,3.5,0
36,26,4.5,0
36,3,4.0,0
37,11,3.0,0
37,4,4.0,0
37,24,4.5,0
37,15,2.5,0
37,17,3.5,0
37,28,3.0,0
37,2,2.5,0
37,5,5.0,0
37,7,1.5,0
37,14,3.0,0
37,23,3.0,0
37,18,4.5,0
37,12,2.5,0
37,20,3.0,0
37,6,4.5,0
37,21,3.5,0
37,25,4.0,0
37,26,2.5,0
38,6,3.5,0
38,19,2.0,0
38,3,2.5,0
38,22,2.0,0
38,21,3.0,0
38,5,2.0,0
38,2,4.5,0
38,7,4.5,0
38,30,5.0,0
38,28,4.0,0
38,14,3.0,0
38,25,3.5,0
38,10,4.5,0
38,18,4.0,0
38,12,3.5,0
38,24,2.5,0
38,29,1.5,0
38,23,4.0,0
39,24,4.0,0
39,6,2.0,0
39,25,4.0,0
39,8,3.0,0
39,4,2.0,0
39,15,4.0,0
39,30,3.5,0
39,13,2.5,0
39,12,4.5,0
39,5,2.0,0
39,3,4.0,0
39,27,3.5,0
39,7,3.0,0
39,9,2.5,0
39,14,2.5,0
39,19,2.5,0
39,26,3.5,0
39,16,2.5,0
40,1,4.0,0
40,5,5.0,0
40,30,3.5,0
40,15,1.0,0
40,16,2.5,0
40,17,3.5,0
40,19,2.5,0
40,27,2.5,0
40,6,3.5,0
40,29,3.0,0
40,3,4.0,0
40,7,2.0,0
40,4,2.0,0
40,28,3.5,0
40,14,4.0,0
40,26,4.0,0
40,12,1.5,0
40,25,5.0,0
41,11,3.5,0
41,1,2.0,0
41,5,5.0,0
41,30,3.0,0
41,27,4.0,0
41,13,2.5,0
41,28,2.5,0
41,12,4.0,0
41,4,4.0,0
41,2,3.5,0
41,25,2.5,0
41,20,2.0,0
41,19,5.0,0
41,9,3.0,0
41,26,3.0,0
41,17,3.0,0
41,22,3.5,0
41,6,3.0,0
42,21,2.5,0
42,14,2.5,0
42,25,4.0,0
42,15,4.0,0
42,23,4.0,0
42,3,5.0,0
42,9,3.5,0
42,13,4.0,0
42,18,3.5,0
42,19,3.5,0
42,28,4.0,0
42,2,4.0,0
42,10,2.0,0
42,11,2.0,0
42,7,4.0,0
42,12,3.0,0
42,29,2.5,0
42,1,2.0,0
43,18,2.0,0
43,7,3.0,0
43,19,3.5,0
43,3,4.5,0
43,11,4.0,0
43,26,4.0,0
43,5,2.5,0
43,9,2.5,0
43,30,2.0,0
43,20,2.5,0
43,25,2.0,0
43,4,3.0,0
43,8,2.0,0
43,16,3.0,0
43,27,2.0,0
43,22,2.5,0
43,14,2.5,0
43,23,3.5,0
44,11,2.0,0
44,3,1.0,0
44,6,4.0,0
44,18,4.0,0
44,4,4.0,0
44,19,3.0,0
44,27,5.0,0
44,21,2.5,0
44,10,1.5,0
44,1,3.0,0
44,26,3.0,0
44,15,3.0,0
44,29,5.0,0
44,7,2.0,0
44,25,5.0,0
44,8,3.0,0
44,5,4.5,0
44,20,3.0,0
45,14,2.0,0
45,26,3.0,0
45,28,4.5,0
45,21,2.5,0
45,18,4.0,0
45,27,2.5,0
45,4,2.0,0
45,17,2.0,0
45,11,2.0,0
45,7,4.0,0
45,24,2.0,0
45,25,4.5,0
45,15,4.0,0
45,16,3.5,0
45,3,2.5,0
45,13,2.5,0
45,9,4.5,0
45,30,4.5,0
46,25,2.0,0
46,9,2.5,0
46,8,2.0,0
46,16,3.0,0
46,22,3.0,0
46,1,4.5,0
46,12,4.5,0
46,23,4.5,0
46,30,3.0,0
46,14,2.5,0
46,26,4.5,0
46,21,3.5,0
46,4,2.0,0
46,18,2.5,0
46,13,3.5,0
46,11,4.5,0
46,6,2.5,0
46,27,2.5,0
47,29,4.5,0
47,27,3.0,0
47,5,5.0,0
47,18,2.0,0
47,30,2.0,0
47,13,4.5,0
47,21,3.5,0
47,26,4.0,0
47,1,4.5,0
47,7,1.5,0
47,6,3.0,0
47,22,4.5,0
47,10,2.5,0
47,12,2.0,0
47,8,4.5,0
47,11,1.5,0
47,3,4.0,0
47,23,2.0,0
48,26,2.5,0
48,23,5.0,0
48,5,4.5,0
48,11,2.0,0
48,28,2.5,0
48,19,4.5,0
48,18,4.0,0
48,10,4.0,0
48,12,4.5,0
48,7,1.5,0
48,30,2.5,0
48,22,4.0,0
48,29,3.5,0
48,8,1.5,0
48,24,4.0,0
48,21,3.0,0
48,9,2.0,0
48,25,2.5,0
49,23,4.0,0
49,12,4.0,0
49,27,1.5,0
49,21,2.5,0
49,9,3.0,0
49,17,2.5,0
49,25,4.0,0
49,4,1.5,0
49,30,4.5,0
49,1,3.5,0
49,14,2.5,0
49,19,2.5,0
49,2,4.5,0
49,11,2.5,0
49,6,2.5,0
49,26,3.0,0
49,29,3.0,0
49,10,2.5,0
50,23,2.5,0
50,3,4.0,0
50,24,3.0,0
50,15,2.5,0
50,19,5.0,0
50,17,3.5,0
50,6,2.5,0
50,16,2.0,0
50,18,2.5,0
50,21,4.0,0
50,13,3.5,0
50,26,4.5,0
50,7,2.0,0
50,27,3.0,0
50,29,4.0,0
50,28,3.5,0
50,12,4.0,0
50,4,2.5,0
51,9,3.0,0
51,12,2.0,0
51,4,5.0,0
51,21,2.5,0
51,28,2.5,0
51,29,3.5,0
51,10,3.5,0
51,15,3.0,0
51,3,3.0,0
51,18,3.5,0
51,24,4.5,0
51,6,3.5,0
51,13,4.5,0
51,17,3.0,0
51,19,2.5,0
51,8,2.5,0
51,23,2.0,0
51,7,3.0,0
52,10,3.5,0
52,16,4.0,0
52,4,2.5,0
52,17,1.5,0
52,3,3.0,0
52,13,2.5,0
52,19,3.5,0
52,12,4.0,0
52,11,1.5,0
52,8,3.0,0
52,1,3.0,0
52,9,4.5,0
52,15,4.0,0
52,2,4.0,0
52,5,3.0,0
52,24,3.0,0
52,22,3.0,0
52,26,2.5,0
53,30,4.5,0
53,11,4.0,0
53,4,2.5,0
53,21,2.5,0
53,7,3.0,0
53,13,2.0,0
53,23,3.0,0
53,27,1.5,0
53,6,2.5,0
53,8,2.0,0
53,25,2.5,0
53,10,4.5,0
53,15,3.5,0
53,12,4.5,0
53,24,4.0,0
53,19,3.0,0
53,28,4.5,0
53,14,2.0,0
54,17,3.0,0
54,22,3.5,0
54,28,1.5,0
54,10,3.0,0
54,15,3.5,0
54,25,5.0,0
54,27,1.5,0
54,12,3.0,0
54,3,4.5,0
54,2,3.5,0
54,16,2.5,0
54,23,1.5,0
54,11,2.5,0
54,19,3.0,0
54,13,4.5,0
54,6,1.5,0
54,1,4.0,0
54,24,3.0,0
55,1,3.0,0
55,7,2.0,0
55,10,4.5,0
55,5,4.0,0
55,30,1.0,0
55,22,4.5,0
55,11,1.0,0
55,17,2.5,0
55,26,3.0,0
55,3,2.5,0
55,12,3.5,0
55,29,3.0,0
55,25,3.0,0
55,19,3.0,0
55,16,5.0,0
55,4,3.5,0
55,28,2.0,0
55,14,3.5,0
56,5,2.5,0
56,1,1.5,0
56,18,3.5,0
56,14,2.0,0
56,17,2.0,0
56,2,5.0,0
56,13,2.5,0
56,8,4.0,0
56,7,2.5,0
56,24,2.0,0
56,30,4.5,0
56,20,3.0,0
56,23,5.0,0
56,29,2.0,0
56,11,2.5,0
56,4,2.5,0
56,15,4.5,0
56,3,4.0,0
57,26,4.5,0
57,12,3.5,0
57,11,3.5,0
57,2,4.0,0
57,6,2.0,0
57,5,2.5,0
57,27,2.5,0
57,28,3.5,0
57,13,2.0,0
57,24,3.0,0
57,16,3.0,0
57,3,4.5,0
57,1,4.5,0
57,7,3.0,0
57,4,2.5,0
57,19,4.5,0
57,30,3.0,0
57,17,4.0,0
58,10,3.5,0
58,18,4.5,0
58,21,2.5,0
58,22,4.0,0
58,13,4.0,0
58,25,4.0,0
58,14,4.5,0
58,3,2.0,0
58,27,4.5,0
58,17,2.5,0
58,30,2.0,0
58,16,2.0,0
58,1,3.0,0
58,24,3.0,0
58,29,4.5,0
58,8,3.5,0
58,4,5.0,0
58,6,4.0,0
59,13,3.0,0
59,27,2.0,0
59,3,3.0,0
59,16,5.0,0
59,29,3.0,0
59,15,4.0,0
59,28,4.0,0
59,10,2.5,0
59,24,2.5,0
59,5,2.0,0
59,1,2.0,0
59,30,5.0,0
59,18,4.5,0
59,11,3.0,0
59,23,3.5,0
59,7,4.0,0
59,8,5.0,0
59,20,4.5,0
60,3,4.5,0
60,27,3.0,0
60,22,2.5,0
60,26,3.5,0
60,2,2.5,0
60,19,3.0,0
60,9,2.5,0
60,5,3.0,0
60,14,2.5,0
60,6,3.0,0
60,30,4.0,0
60,17,4.5,0
60,7,3.0,0
60,18,2.0,0
60,29,1.5,0
60,1,5.0,0
60,28,4.5,0
60,10,3.5,0
61,16,3.0,0
61,13,4.5,0
61,3,3.5,0
61,22,4.5,0
61,14,4.5,0
61,10,2.5,0
61,26,5.0,0
61,29,3.5,0
61,9,3.0,0
61,17,4.5,0
61,12,2.5,0
61,21,5.0,0
61,1,3.5,0
61,27,3.0,0
61,15,2.0,0
61,23,2.5,0
61,4,2.5,0
61,8,5.0,0
62,9,3.0,0
62,10,4.5,0
62,20,2.0,0
62,11,3.0,0
62,4,3.5,0
62,21,2.5,0
62,22,3.0,0
62,18,4.5,0
62,8,3.0,0
62,13,3.0,0
62,2,3.5,0
62,15,5.0,0
62,19,3.5,0
62,27,3.5,0
62,6,3.5,0
62,26,2.0,0
62,5,3.0,0
62,3,2.5,0
63,20,3.0,0
63,5,2.0,0
63,14,2.5,0
63,15,4.5,0
63,30,3.5,0
63,18,3.5,0
63,9,3.5,0
63,10,2.5,0
63,29,2.0,0
63,1,2.5,0
63,26,4.0,0
63,17,2.5,0
63,2,4.0,0
63,28,4.5,0
63,27,2.5,0
63,25,3.5,0
63,3,4.5,0
63,13,3.0,0
64,22,2.5,0
64,20,3.0,0
64,4,4.0,0
64,16,3.0,0
64,7,3.0,0
64,18,2.0,0
64,21,3.5,0
64,30,3.5,0
64,12,3.0,0
64,19,3.5,0
64,3,4.5,0
64,26,4.5,0
64,17,4.0,0
64,27,2.5,0
64,15,3.5,0
64,11,3.5,0
64,10,3.0,0
64,1,5.0,0
65,8,4.0,0
65,28,2.5,0
65,18,4.5,0
65,20,4.0,0
65,9,3.0,0
65,7,2.5,0
65,25,2.5,0
65,11,2.5,0
65,1,3.0,0
65,23,2.0,0
65,14,4.5,0
65,22,5.0,0
65,15,2.5,0
65,5,2.5,0
65,12,2.0,0
65,26,3.5,0
65,19,2.5,0
65,2,1.5,0
66,3,2.0,0
66,28,4.0,0
66,18,4.0,0
66,30,4.0,0
66,16,4.0,0
66,27,1.0,0
66,11,2.5,0
66,26,3.0,0
66,21,2.5,0
66,20,5.0,0
66,6,2.5,0
66,2,5.0,0
66,17,2.5,0
66,9,5.0,0
66,7,4.5,0
66,12,4.5,0
66,24,2.5,0
66,10,4.0,0
67,21,2.5,0
67,11,4.0,0
67,20,2.5,0
67,30,5.0,0
67,7,3.0,0
67,22,3.0,0
67,17,5.0,0
67,5,3.5,0
67,10,4.0,0
67,8,1.5,0
67,23,3.5,0
67,19,3.0,0
67,9,2.0,0
67,24,4.0,0
67,15,3.5,0
67,12,5.0,0
67,2,3.0,0
67,28,4.5,0
68,8,4.0,0
68,13,4.5,0
68,14,3.5,0
68,30,2.5,0
68,4,2.5,0
68,2,4.5,0
68,25,4.0,0
68,16,1.5,0
68,21,4.0,0
68,24,2.0,0
68,12,2.5,0
68,9,2.5,0
68,17,3.5,0
68,27,3.0,0
68,20,3.5,0
68,6,2.5,0
68,5,4.5,0
68,10,2.5,0
69,10,4.0,0
69,4,3.0,0
69,9,3.0,0
69,19,4.0,0
69,21,1.5,0
69,11,2.5,0
69,8,2.0,0
69,3,3.5,0
69,25,1.5,0
69,16,3.5,0
69,6,4.5,0
69,12,5.0,0
69,18,3.5,0
69,13,2.5,0
69,15,4.5,0
69,1,1.5,0
69,22,2.5,0
69,28,2.5,0
70,28,4.0,0
70,29,3.0,0
70,7,3.5,0
70,6,2.5,0
70,5,3.0,0
70,14,2.0,0
70,24,3.0,0
70,3,5.0,0
70,9,5.0,0
70,8,3.5,0
70,22,2.5,0
70,1,3.0,0
70,10,3.0,0
70,23,4.0,0
70,11,2.5,0
70,15,4.5,0
70,16,3.0,0
70,4,2.5,0
71,25,3.0,0
71,7,2.0,0
71,11,3.5,0
71,18,1.5,0
71,3,4.5,0
71,9,3.0,0
71,24,3.5,0
71,23,3.5,0
71,10,3.0,0
71,6,2.5,0
71,17,4.5,0
71,26,4.0,0
71,14,2.5,0
71,12,4.0,0
71,8,3.0,0
71,5,3.5,0
71,22,2.5,0
71,1,4.5,0
72,30,3.0,0
72,7,2.5,0
72,24,4.0,0
72,3,3.5,0
72,23,2.5,0
72,19,3.0,0
72,21,2.5,0
72,6,4.0,0
72,20,3.5,0
72,28,3.5,0
72,22,4.5,0
72,17,1.5,0
72,26,2.5,0
72,27,5.0,0
72,10,2.5,0
72,12,1.5,0
72,9,3.5,0
72,25,4.0,0
73,30,4.5,0
73,23,3.5,0
73,25,4.0,0
73,1,2.5,0
73,18,5.0,0
73,21,1.5,0
73,4,3.0,0
73,20,3.5,0
73,22,2.5,0
73,8,4.0,0
73,5,1.5,0
73,7,4.5,0
73,24,2.5,0
73,3,1.5,0
73,15,4.0,0
73,26,3.5,0
73,10,4.5,0
73,28,4.5,0
74,11,5.0,0
74,14,3.5,0
74,19,2.0,0
74,26,4.0,0
74,9,2.5,0
74,10,4.5,0
74,23,4.0,0
74,29,3.0,0
74,17,4.5,0
74,20,3.5,0
74,22,3.0,0
74,2,3.0,0
74,12,4.0,0
74,5,4.0,0
74,16,3.0,0
74,15,4.0,0
74,4,1.5,0
74,7,2.0,0
75,17,2.5,0
75,8,4.0,0
75,29,3.5,0
75,4,3.0,0
75,19,3.5,0
75,13,5.0,0
75,28,2.0,0
75,30,2.0,0
75,26,4.5,0
75,25,4.5,0
75,12,2.5,0
75,3,3.5,0
75,24,3.5,0
75,11,3.5,0
75,18,2.0,0
75,5,4.5,0
75,21,3.5,0
75,7,2.0,0
76,14,3.5,0
76,29,4.0,0
76,19,5.0,0
76,1,2.0,0
76,26,1.5,0
76,15,5.0,0
76,25,2.0,0
76,4,3.5,0
76,5,3.5,0
76,12,4.5,0
76,21,2.0,0
76,17,2.5,0
76,6,4.0,0
76,10,3.5,0
76,23,4.0,0
76,20,2.5,0
76,27,3.0,0
76,28,2.5,0
77,23,4.0,0
77,14,2.0,0
77,30,4.5,0
77,9,2.5,0
77,15,4.0,0
77,26,5.0,0
77,17,1.5,0
77,3,3.5,0
77,8,3.0,0
77,25,3.5,0
77,18,3.5,0
77,2,4.5,0
77,22,3.0,0
77,29,3.0,0
77,1,2.5,0
77,5,3.0,0
77,7,3.0,0
77,27,3.0,0
78,25,3.0,0
78,2,3.5,0
78,20,2.5,0
78,9,3.5,0
78,26,3.5,0
78,16,2.5,0
78,24,3.5,0
78,10,3.5,0
78,11,3.0,0
78,29,4.0,0
78,18,3.5,0
78,22,2.0,0
78,8,2.0,0
78,5,2.0,0
78,15,3.5,0
78,30,2.5,0
78,1,4.5,0
78,27,2.5,0
79,13,4.0,0
79,18,5.0,0
79,1,2.0,0
79,21,3.0,0
79,30,3.0,0
79,2,3.0,0
79,6,5.0,0
79,10,2.0,0
79,20,3.0,0
79,4,4.0,0
79,15,3.0,0
79,7,2.5,0
79,8,3.5,0
79,28,1.5,0
79,12,3.5,0
79,19,3.0,0
79,16,3.0,0
79,11,3.0,0
80,9,4.0,0
80,13,2.5,0
80,21,3.5,0
80,11,2.5,0
80,28,4.0,0
80,29,2.5,0
80,22,3.0,0
80,8,4.5,0
80,18,4.5,0
80,5,2.5,0
80,12,4.0,0
80,30,4.0,0
80,17,2.5,0
80,15,4.0,0
80,24,3.0,0
80,6,2.0,0
80,2,4.0,0
80,10,4.0,0
81,21,2.0,0
81,20,2.5,0
81,29,2.5,0
81,1,5.0,0
81,18,3.5,0
81,25,1.5,0
81,5,4.0,0
81,16,2.0,0
81,26,4.0,0
81,6,3.0,0
81,19,2.0,0
81,8,3.0,0
81,12,4.0,0
81,4,3.0,0
81,14,2.5,0
81,9,3.5,0
81,10,4.5,0
81,3,3.5,0
82,5,4.0,0
82,27,2.0,0
82,1,3.0,0
82,21,4.0,0
82,30,2.0,0
82,18,4.5,0
82,20,3.5,0
82,29,3.0,0
82,28,3.0,0
82,13,5.0,0
82,14,4.5,0
82,17,4.0,0
82,26,2.5,0
82,10,2.0,0
82,4,2.0,0
82,15,1.5,0
82,8,4.5,0
82,12,1.5,0
83,10,4.0,0
83,14,3.5,0
83,1,2.0,0
83,13,2.0,0
83,11,3.0,0
83,16,4.5,0
83,21,2.0,0
83,25,3.0,0
83,17,2.5,0
83,6,3.0,0
83,3,3.0,0
83,18,3.5,0
83,27,3.5,0
83,30,2.5,0
83,8,3.0,0
83,4,3.5,0
83,2,2.0,0
83,19,4.5,0
84,2,4.0,0
84,16,3.0,0
84,7,3.5,0
84,18,3.5,0
84,6,3.0,0
84,23,5.0,0
84,26,5.0,0
84,19,2.0,0
84,12,1.0,0
84,17,1.5,0
84,11,3.5,0
84,10,2.5,0
84,3,4.0,0
84,20,4.5,0
84,27,3.5,0
84,4,2.5,0
84,21,2.5,0
84,13,2.5,0
85,29,4.5,0
85,3,4.0,0
85,30,2.5,0
85,7,1.5,0
85,28,4.5,0
85,6,2.0,0
85,21,5.0,0
85,23,2.5,0
85,26,5.0,0
85,9,2.5,0
85,12,3.5,0
85,15,2.5,0
85,27,2.5,0
85,11,4.0,0
85,20,2.0,0
85,22,2.5,0
85,25,2.5,0
85,17,5.0,0
86,27,3.5,0
86,6,5.0,0
86,21,3.0,0
86,12,2.5,0
86,5,5.0,0
86,13,4.0,0
86,22,5.0,0
86,1,1.5,0
86,25,3.5,0
86,14,4.0,0
86,3,1.5,0
86,15,3.0,0
86,23,2.5,0
86,29,4.5,0
86,26,4.0,0
86,2,2.5,0
86,17,2.5,0
86,8,4.0,0
87,22,3.0,0
87,21,2.5,0
87,24,3.0,0
87,28,3.5,0
87,23,4.0,0
87,9,5.0,0
87,12,4.0,0
87,25,4.5,0
87,29,2.5,0
87,15,3.0,0
87,17,2.5,0
87,26,3.5,0
87,5,2.5,0
87,4,2.0,0
87,8,4.0,0
87,27,2.5,0
87,11,2.5,0
87,14,3.0,0
88,23,3.5,0
88,22,2.5,0
88,7,2.5,0
88,18,3.0,0
88,4,3.5,0
88,6,2.0,0
88,27,3.0,0
88,15,4.0,0
88,30,3.0,0
88,13,3.0,0
88,26,4.5,0
88,14,2.0,0
88,2,2.5,0
88,25,1.5,0
88,16,2.0,0
88,9,3.0,0
88,5,2.5,0
88,20,2.0,0
89,17,3.0,0
89,2,3.5,0
89,7,3.0,0
89,3,4.5,0
89,22,4.5,0
89,28,2.5,0
89,29,4.0,0
89,25,4.5,0
89,18,2.0,0
89,21,3.5,0
89,4,2.5,0
89,9,3.5,0
89,13,5.0,0
89,1,4.0,0
89,19,4.0,0
89,16,3.0,0
89,24,2.0,0
89,14,4.0,0
90,12,3.5,0
90,9,3.5,0
90,21,3.0,0
90,23,4.5,0
90,4,5.0,0
90,19,4.0,0
90,13,4.5,0
90,8,2.5,0
90,14,4.0,0
90,17,2.5,0
90,29,4.0,0
90,16,5.0,0
90,6,3.5,0
90,28,3.5,0
90,3,2.5,0
90,5,4.0,0
90,18,3.0,0
90,15,4.5,0
91,6,3.0,0
91,24,3.0,0
91,28,3.5,0
91,4,3.0,0
91,10,1.5,0
91,13,3.0,0
91,5,2.5,0
91,21,3.0,0
91,1,3.0,0
91,26,4.0,0
91,12,2.0,0
91,20,3.5,0
91,14,3.0,0
91,9,4.0,0
91,18,3.0,0
91,8,3.0,0
91,29,2.0,0
91,3,4.0,0
92,27,3.0,0
92,6,3.0,0
92,9,3.0,0
92,19,4.0,0
92,25,2.5,0
92,23,2.5,0
92,8,3.0,0
92,28,3.0,0
92,2,5.0,0
92,4,3.0,0
92,12,3.0,0
92,26,5.0,0
92,20,4.0,0
92,22,3.0,0
92,17,5.0,0
92,18,2.5,0
92,30,1.5,0
92,24,2.5,0
93,16,3.0,0
93,18,4.0,0
93,2,2.5,0
93,20,4.0,0
93,26,3.0,0
93,3,3.0,0
93,30,2.0,0
93,19,2.0,0
93,9,3.0,0
93,28,2.5,0
93,29,5.0,0
93,22,4.5,0
93,25,3.0,0
93,27,5.0,0
93,1,2.5,0
93,6,4.5,0
93,23,2.0,0
93,21,3.5,0
94,29,2.0,0
94,16,5.0,0
94,25,3.0,0
94,10,3.5,0
94,9,4.0,0
94,28,5.0,0
94,6,3.0,0
94,23,3.5,0
94,20,5.0,0
94,11,2.0,0
94,30,5.0,0
94,26,2.0,0
94,12,4.5,0
94,22,2.5,0
94,17,2.0,0
94,7,4.0,0
94,5,3.0,0
94,3,2.5,0
95,28,4.5,0
95,8,2.5,0
95,12,4.5,0
95,4,3.0,0
95,21,3.0,0
95,16,2.5,0
95,26,3.5,0
95,27,3.0,0
95,25,3.0,0
95,19,1.5,0
95,17,4.0,0
95,14,2.5,0
95,11,4.5,0
95,13,3.0,0
95,15,4.0,0
95,1,4.5,0
95,29,2.5,0
95,18,2.0,0
96,5,4.5,0
96,28,2.5,0
96,26,4.0,0
96,2,3.0,0
96,8,4.5,0
96,30,3.0,0
96,6,3.0,0
96,14,4.0,0
96,24,2.5,0
96,4,1.0,0
96,15,2.5,0
96,22,4.0,0
96,13,3.5,0
96,3,4.0,0
96,10,2.5,0
96,16,1.5,0
96,23,2.5,0
96,18,2.0,0
97,16,5.0,0
97,21,2.0,0
97,6,3.5,0
97,25,3.0,0
97,2,2.5,0
97,19,4.0,0
97,29,3.0,0
97,15,4.0,0
97,7,2.0,0
97,3,1.5,0
97,24,3.5,0
97,14,3.0,0
97,9,3.0,0
97,30,3.0,0
97,1,2.0,0
97,17,2.5,0
97,22,2.5,0
97,26,2.5,0
98,20,3.5,0
98,7,3.0,0
98,3,4.5,0
98,10,2.5,0
98,26,5.0,0
98,2,4.0,0
98,9,4.5,0
98,11,2.5,0
98,30,4.0,0
98,19,3.0,0
98,5,2.0,0
98,29,4.0,0
98,15,4.5,0
98,14,3.0,0
98,28,4.0,0
98,22,3.5,0
98,6,3.0,0
98,25,3.0,0
99,27,2.5,0
99,21,3.5,0
99,30,3.0,0
99,15,3.5,0
99,2,4.5,0
99,7,3.5,0
99,29,4.0,0
99,13,2.5,0
99,4,2.0,0
99,25,2.5,0
99,16,3.0,0
99,20,2.5,0
99,19,3.5,0
99,24,3.0,0
99,18,2.0,0
99,22,3.0,0
99,14,3.5,0
99,28,4.5,0
100,13,4.0,0
100,15,3.0,0
100,7,3.0,0
100,8,4.0,0
100,28,2.5,0
100,4,4.0,0
100,23,2.0,0
100,2,2.0,0
100,1,2.5,0
100,12,2.5,0
100,25,4.5,0
100,17,2.5,0
100,27,5.0,0
100,6,5.0,0
100,11,2.5,0
100,22,4.5,0
100,21,2.5,0
100,29,5.0,0
101,8,4.5,0
101,16,4.5,0
101,2,4.0,0
101,28,4.5,0
101,25,4.0,0
101,7,3.5,0
101,24,2.0,0
101,14,3.5,0
101,9,4.5,0
101,10,3.0,0
101,18,3.5,0
101,26,2.5,0
101,12,4.5,0
101,3,2.5,0
101,6,3.5,0
101,17,3.0,0
101,13,3.0,0
101,21,2.0,0
102,15,3.0,0
102,20,3.0,0
102,5,2.5,0
102,2,2.5,0
102,21,3.0,0
102,18,3.0,0
102,3,3.0,0
102,27,3.0,0
102,9,2.5,0
102,16,2.0,0
102,14,2.5,0
102,28,5.0,0
102,22,3.5,0
102,8,3.0,0
102,6,2.0,0
102,4,3.0,0
102,10,5.0,0
102,24,4.5,0
103,30,2.0,0
103,23,2.5,0
103,27,2.5,0
103,21,4.5,0
103,6,3.5,0
103,18,3.0,0
103,24,2.5,0
103,12,4.0,0
103,3,3.5,0
103,22,4.0,0
103,2,2.5,0
103,26,4.5,0
103,8,5.0,0
103,25,5.0,0
103,13,3.5,0
103,29,4.5,0
103,16,2.5,0
103,20,4.5,0
104,10,4.0,0
104,21,2.0,0
104,1,3.0,0
104,28,2.5,0
104,26,3.5,0
104,22,3.5,0
104,30,2.0,0
104,4,4.5,0
104,2,3.0,0
104,7,3.0,0
104,23,5.0,0
104,11,2.0,0
104,15,4.0,0
104,16,4.0,0
104,14,3.0,0
104,27,3.5,0
104,8,3.5,0
104,5,4.0,0
105,5,3.5,0
105,6,2.0,0
105,25,3.5,0
105,17,2.5,0
105,12,3.0,0
105,10,2.5,0
105,14,3.0,0
105,13,2.5,0
105,18,3.0,0
105,16,3.5,0
105,21,2.0,0
105,24,1.5,0
105,22,2.5,0
105,2,4.0,0
105,28,4.0,0
105,4,3.0,0
105,27,1.5,0
105,15,3.5,0
106,12,2.5,0
106,6,2.0,0
106,2,5.0,0
106,7,2.0,0
106,18,2.0,0
106,5,2.5,0
106,24,3.0,0
106,25,2.0,0
106,16,2.5,0
106,9,2.0,0
106,15,2.0,0
106,26,4.0,0
106,17,4.5,0
106,22,2.5,0
106,20,2.5,0
106,28,4.0,0
106,19,4.0,0
106,29,4.0,0
107,1,3.0,0
107,11,2.5,0
107,29,4.0,0
107,20,4.0,0
107,10,4.0,0
107,2,2.5,0
107,7,2.5,0
107,3,2.5,0
107,5,4.0,0
107,27,5.0,0
107,26,2.0,0
107,16,2.5,0
107,28,1.5,0
107,30,2.0,0
107,22,3.5,0
107,13,4.0,0
107,8,5.0,0
107,6,4.0,0
108,27,3.0,0
108,20,4.5,0
108,12,4.0,0
108,25,4.5,0
108,15,4.5,0
108,9,5.0,0
108,17,3.0,0
108,10,4.0,0
108,5,3.0,0
108,2,4.0,0
108,22,2.0,0
108,26,3.0,0
108,6,3.0,0
108,29,3.0,0
108,8,4.0,0
108,1,2.0,0
108,21,3.0,0
108,19,3.5,0
109,23,3.0,0
109,18,2.0,0
109,19,3.0,0
109,9,2.5,0
109,12,4.0,0
109,22,2.0,0
109,26,3.5,0
109,8,3.0,0
109,4,3.0,0
109,15,2.5,0
109,5,2.0,0
109,17,4.5,0
109,7,2.5,0
109,24,4.5,0
109,3,4.0,0
109,1,4.0,0
109,6,2.5,0
109,11,4.0,0
110,25,4.0,0
110,1,5.0,0
110,10,2.5,0
110,2,3.5,0
110,22,5.0,0
110,17,4.0,0
110,21,4.0,0
110,13,4.0,0
110,14,4.0,0
110,5,4.0,0
110,29,3.0,0
110,9,2.5,0
110,6,3.0,0
110,18,3.5,0
110,19,3.5,0
110,16,1.5,0
110,12,2.5,0
110,28,4.0,0
111,6,4.0,0
111,16,5.0,0
111,3,3.0,0
111,5,4.0,0
111,20,2.5,0
111,11,2.0,0
111,25,2.5,0
111,14,3.0,0
111,7,2.0,0
111,19,4.5,0
111,23,3.5,0
111,22,4.0,0
111,4,3.0,0
111,2,3.0,0
111,17,2.5,0
111,26,3.5,0
111,9,3.0,0
111,28,3.5,0
112,2,4.0,0
112,23,3.5,0
112,21,2.5,0
112,12,1.5,0
112,1,4.0,0
112,15,3.5,0
112,16,3.0,0
112,20,3.0,0
112,3,3.5,0
112,9,4.5,0
112,13,4.0,0
112,18,3.5,0
112,6,2.0,0
112,7,2.5,0
112,30,4.0,0
112,14,2.5,0
112,11,2.0,0
112,10,2.5,0
113,13,3.0,0
113,21,4.5,0
113,3,5.0,0
113,7,2.5,0
113,30,2.5,0
113,6,2.0,0
113,9,3.0,0
113,27,3.5,0
113,23,2.5,0
113,12,4.5,0
113,22,1.5,0
113,26,4.5,0
113,10,3.5,0
113,1,4.0,0
113,15,4.0,0
113,28,3.5,0
113,16,2.5,0
113,29,4.5,0
114,29,4.5,0
114,17,3.5,0
114,4,4.0,0
114,7,3.0,0
114,22,4.5,0
114,23,2.5,0
114,8,4.0,0
114,2,3.0,0
114,21,3.0,0
114,20,3.5,0
114,12,2.5,0
114,9,2.0,0
114,27,4.0,0
114,16,2.5,0
114,6,3.5,0
114,13,4.0,0
114,11,3.5,0
114,10,2.0,0
115,26,2.0,0
115,4,3.0,0
115,7,4.5,0
115,2,4.5,0
115,16,4.5,0
115,21,3.5,0
115,12,4.0,0
115,5,2.5,0
115,10,4.5,0
115,8,5.0,0
115,1,2.5,0
115,3,2.5,0
115,6,2.5,0
115,22,3.0,0
115,17,2.0,0
115,14,2.0,0
115,15,3.0,0
115,13,2.0,0
116,15,3.0,0
116,24,4.0,0
116,11,4.0,0
116,4,2.5,0
116,17,4.0,0
116,16,2.5,0
116,29,2.5,0
116,28,5.0,0
116,10,4.0,0
116,14,3.0,0
116,9,2.5,0
116,20,3.0,0
116,2,3.0,0
116,23,4.0,0
116,22,3.0,0
116,30,4.0,0
116,21,2.5,0
116,27,2.5,0
117,11,2.5,0
117,8,5.0,0
117,29,4.0,0
117,23,2.5,0
117,30,2.5,0
117,24,3.0,0
117,4,2.5,0
117,14,4.0,0
117,7,1.5,0
117,21,3.5,0
117,26,4.0,0
117,20,5.0,0
117,5,4.5,0
117,18,2.0,0
117,13,3.5,0
117,28,3.0,0
117,1,2.5,0
117,25,4.5,0
118,15,4.0,0
118,18,3.5,0
118,10,5.0,0
118,22,4.0,0
118,17,2.0,0
118,25,2.0,0
118,5,3.5,0
118,6,4.0,0
118,13,2.0,0
118,19,4.5,0
118,21,3.0,0
118,24,3.5,0
118,11,3.0,0
118,3,2.5,0
118,20,2.5,0
118,9,2.0,0
118,30,3.0,0
118,27,3.5,0
119,23,3.5,0
119,13,2.5,0
119,14,3.5,0
119,17,3.0,0
119,18,3.0,0
119,7,3.5,0
119,5,2.5,0
119,8,4.0,0
119,19,3.5,0
119,22,3.0,0
119,25,4.0,0
119,28,3.0,0
119,2,3.0,0
119,15,4.5,0
119,10,2.0,0
119,1,2.5,0
119,12,3.0,0
119,16,3.0,0
120,23,2.0,0
120,25,4.0,0
120,12,3.5,0
120,13,3.0,0
120,28,4.0,0
120,30,2.5,0
120,10,3.5,0
120,19,5.0,0
120,18,3.0,0
120,9,3.0,0
120,6,3.0,0
120,4,2.0,0
120,29,5.0,0
120,11,3.0,0
120,14,3.0,0
120,26,3.5,0
120,1,3.0,0
120,27,3.0,0
121,1,3.0,0
121,5,5.0,0
121,8,3.5,0
121,20,4.5,0
121,30,3.0,0
121,10,4.5,0
121,18,3.5,0
121,6,4.0,0
121,11,3.0,0
121,13,4.0,0
121,7,3.5,0
121,17,2.0,0
121,19,3.0,0
121,29,5.0,0
121,22,4.5,0
121,4,4.0,0
121,16,3.5,0
121,26,3.5,0
122,10,3.5,0
122,20,4.0,0
122,27,3.0,0
122,13,1.5,0
122,2,4.0,0
122,16,5.0,0
122,5,1.5,0
122,23,4.5,0
122,19,4.5,0
122,11,2.5,0
122,3,3.0,0
122,17,3.0,0
122,4,2.5,0
122,26,3.0,0
122,18,4.0,0
122,24,2.5,0
122,22,2.0,0
122,1,3.0,0
123,10,4.0,0
123,29,2.0,0
123,12,4.0,0
123,24,4.5,0
123,4,2.5,0
123,9,1.5,0
123,18,2.0,0
123,6,3.5,0
123,20,2.5,0
123,2,3.0,0
123,3,3.5,0
123,26,3.5,0
123,7,3.5,0
123,27,2.5,0
123,17,4.0,0
123,19,3.0,0
123,5,2.0,0
123,1,4.0,0
124,22,4.0,0
124,19,4.0,0
124,18,2.0,0
124,4,2.5,0
124,2,3.0,0
124,7,2.5,0
124,15,3.0,0
124,28,3.0,0
124,6,3.0,0
124,14,3.5,0
124,20,5.0,0
124,30,2.0,0
124,16,3.5,0
124,10,3.0,0
124,5,4.5,0
124,8,4.0,0
124,29,4.0,0
124,26,3.5,0
125,20,3.0,0
125,26,2.5,0
125,2,2.5,0
125,19,5.0,0
125,27,4.0,0
125,10,4.5,0
125,13,2.5,0
125,30,2.5,0
125,24,2.5,0
125,11,3.0,0
125,18,4.0,0
125,15,4.0,0
125,21,2.5,0
125,8,3.0,0
125,1,1.5,0
125,9,2.5,0
125,4,3.0,0
125,12,5.0,0
126,14,3.5,0
126,13,2.0,0
126,30,4.0,0
126,11,2.0,0
126,29,2.5,0
126,25,3.5,0
126,28,3.5,0
126,27,2.0,0
126,18,3.0,0
126,9,3.5,0
126,23,4.0,0
126,19,2.0,0
126,20,4.5,0
126,17,2.5,0
126,24,3.5,0
126,10,2.5,0
126,7,4.0,0
126,26,4.5,0
127,3,3.5,0
127,9,2.5,0
127,21,3.5,0
127,16,2.5,0
127,2,3.5,0
127,29,4.5,0
127,4,3.0,0
127,20,3.5,0
127,15,3.0,0
127,24,3.5,0
127,19,4.5,0
127,13,2.0,0
127,7,2.0,0
127,6,3.0,0
127,25,1.5,0
127,27,2.5,0
127,26,3.5,0
127,30,2.5,0
128,5,5.0,0
128,4,4.0,0
128,8,4.0,0
128,12,3.0,0
128,21,2.5,0
128,15,2.5,0
128,6,5.0,0
128,29,4.0,0
128,10,3.0,0
128,28,2.0,0
128,30,3.5,0
128,2,3.0,0
128,19,2.0,0
128,23,3.0,0
128,22,4.5,0
128,24,4.0,0
128,1,3.0,0
128,11,3.0,0
129,7,4.5,0
129,17,2.5,0
129,26,2.0,0
129,23,4.5,0
129,1,2.0,0
129,19,4.0,0
129,4,2.0,0
129,8,5.0,0
129,6,3.0,0
129,20,3.5,0
129,11,2.0,0
129,21,3.0,0
129,18,4.0,0
129,22,2.5,0
129,27,3.5,0
129,2,4.0,0
129,9,4.5,0
129,13,3.0,0
130,14,3.0,0
130,7,3.5,0
130,20,2.0,0
130,10,4.5,0
130,28,4.5,0
130,13,2.0,0
130,22,3.0,0
130,23,3.0,0
130,26,4.0,0
130,9,3.0,0
130,17,4.5,0
130,16,1.5,0
130,3,3.0,0
130,6,3.0,0
130,15,3.5,0
130,30,2.0,0
130,18,3.5,0
130,11,4.5,0
131,5,4.5,0
131,21,2.0,0
131,8,4.5,0
131,20,4.5,0
131,2,4.0,0
131,4,2.5,0
131,15,3.5,0
131,23,3.0,0
131,14,4.5,0
131,6,3.0,0
131,10,3.0,0
131,18,2.0,0
131,13,3.0,0
131,12,2.5,0
131,3,4.0,0
131,17,3.5,0
131,26,4.0,0
131,11,2.5,0
132,11,3.0,0
132,27,4.5,0
132,21,3.5,0
132,19,4.5,0
132,25,2.5,0
132,28,2.5,0
132,22,4.0,0
132,15,4.0,0
132,17,2.5,0
132,4,3.0,0
132,9,3.5,0
132,8,2.0,0
132,29,3.5,0
132,26,2.5,0
132,10,5.0,0
132,3,2.5,0
132,23,4.0,0
132,16,4.0,0
133,21,2.0,0
133,18,4.0,0
133,22,2.0,0
133,5,1.0,0
133,26,3.5,0
133,27,2.5,0
133,9,3.5,0
133,16,4.5,0
133,23,4.0,0
133,10,3.0,0
133,7,3.5,0
133,8,3.5,0
133,29,2.0,0
133,17,2.5,0
133,24,2.0,0
133,15,4.5,0
133,4,2.5,0
133,2,3.0,0
134,2,5.0,0
134,15,2.0,0
134,13,1.0,0
134,4,2.5,0
134,28,4.0,0
134,21,4.5,0
134,12,4.0,0
134,27,3.5,0
134,1,4.5,0
134,25,3.0,0
134,19,4.0,0
134,3,3.5,0
134,23,3.5,0
134,9,2.5,0
134,24,3.5,0
134,11,3.5,0
134,30,2.0,0
134,6,2.0,0
135,6,4.5,0
135,5,4.5,0
135,10,3.0,0
135,12,2.5,0
135,29,4.0,0
135,8,4.0,0
135,16,3.0,0
135,22,4.0,0
135,2,3.0,0
135,20,3.0,0
135,24,4.0,0
135,15,3.5,0
135,26,3.0,0
135,7,2.5,0
135,30,3.0,0
135,23,2.5,0
135,28,1.0,0
135,14,4.0,0
136,22,2.5,0
136,28,4.0,0
136,20,4.0,0
136,8,4.0,0
136,12,3.5,0
136,23,3.5,0
136,6,2.5,0
136,1,3.0,0
136,16,3.5,0
136,24,2.0,0
136,27,1.5,0
136,10,4.0,0
136,17,2.5,0
136,13,3.0,0
136,4,2.0,0
136,29,3.5,0
136,25,4.0,0
136,14,2.5,0
137,10,4.0,0
137,17,4.5,0
137,4,2.0,0
137,22,2.0,0
137,14,2.5,0
137,26,3.5,0
137,7,2.5,0
137,13,3.5,0
137,16,2.0,0
137,19,3.0,0
137,20,2.5,0
137,11,3.5,0
137,8,2.0,0
137,24,4.5,0
137,30,5.0,0
137,12,4.5,0
137,21,1.5,0
137,25,1.0,0
138,25,4.0,0
138,30,2.5,0
138,23,2.5,0
138,6,2.5,0
138,17,3.5,0
138,26,3.5,0
138,4,2.5,0
138,9,2.5,0
138,18,1.5,0
138,21,4.5,0
138,28,2.5,0
138,1,4.0,0
138,27,2.0,0
138,7,2.5,0
138,2,3.5,0
138,19,4.5,0
138,29,3.5,0
138,20,4.5,0
139,7,2.0,0
139,8,2.5,0
139,21,3.0,0
139,12,5.0,0
139,18,4.0,0
139,30,2.0,0
139,26,2.5,0
139,9,2.5,0
139,6,3.5,0
139,28,3.5,0
139,24,2.5,0
139,1,2.5,0
139,13,3.5,0
139,20,2.0,0
139,16,4.0,0
139,19,4.0,0
139,14,3.5,0
139,29,3.0,0
140,13,3.0,0
140,30,3.5,0
140,7,3.5,0
140,8,4.0,0
140,24,2.5,0
140,15,4.0,0
140,25,4.0,0
140,10,2.5,0
140,5,2.5,0
140,29,3.5,0
140,20,3.5,0
140,27,3.0,0
140,6,3.0,0
140,14,2.0,0
140,3,3.5,0
140,26,4.0,0
140,18,3.0,0
140,4,2.5,0
141,8,3.5,0
141,30,2.5,0
141,22,1.5,0
141,10,3.5,0
141,25,3.0,0
141,21,5.0,0
141,18,2.5,0
141,24,4.0,0
141,26,4.5,0
141,7,2.0,0
141,11,3.0,0
141,28,4.5,0
141,29,5.0,0
141,13,3.0,0
141,17,5.0,0
141,12,4.5,0
141,19,4.5,0
141,9,2.0,0
142,16,3.0,0
142,13,4.5,0
142,27,4.0,0
142,20,3.5,0
142,11,1.5,0
142,25,4.5,0
142,8,5.0,0
142,5,4.5,0
142,12,1.5,0
142,10,3.0,0
142,9,2.0,0
142,24,4.0,0
142,26,3.0,0
142,22,4.5,0
142,6,4.0,0
142,14,4.0,0
142,28,2.5,0
142,2,2.5,0
143,14,3.0,0
143,21,3.0,0
143,17,3.0,0
143,28,4.0,0
143,5,3.0,0
143,16,3.5,0
143,10,3.5,0
143,8,4.0,0
143,27,2.0,0
143,18,4.5,0
143,1,3.0,0
143,13,2.5,0
143,9,4.5,0
143,26,2.5,0
143,3,2.0,0
143,22,2.5,0
143,11,2.5,0
143,29,2.0,0
144,28,5.0,0
144,1,4.0,0
144,5,3.0,0
144,20,2.5,0
144,13,2.0,0
144,12,4.0,0
144,23,2.5,0
144,22,2.5,0
144,9,2.5,0
144,6,3.0,0
144,27,1.5,0
144,19,3.0,0
144,26,4.0,0
144,25,3.5,0
144,29,2.5,0
144,3,4.5,0
144,18,2.0,0
144,10,4.5,0
145,5,4.5,0
145,29,3.5,0
145,17,3.5,0
145,16,2.5,0
145,24,2.5,0
145,11,2.5,0
145,2,3.0,0
145,20,4.5,0
145,8,4.0,0
145,3,3.5,0
145,10,2.5,0
145,23,3.0,0
145,22,3.0,0
145,19,4.0,0
145,30,2.0,0
145,14,5.0,0
145,15,2.5,0
145,9,2.5,0
146,13,3.5,0
146,29,4.0,0
146,28,3.0,0
146,9,2.0,0
146,8,2.5,0
146,20,3.0,0
146,5,3.5,0
146,24,4.5,0
146,2,4.0,0
146,27,3.0,0
146,11,2.0,0
146,19,4.0,0
146,25,3.5,0
146,3,3.0,0
146,22,3.5,0
146,15,4.5,0
146,7,2.0,0
146,16,5.0,0
147,16,4.5,0
147,28,4.0,0
147,30,5.0,0
147,13,2.5,0
147,7,3.5,0
147,8,3.0,0
147,14,2.5,0
147,9,3.5,0
147,11,2.0,0
147,21,2.5,0
147,19,2.5,0
147,12,3.0,0
147,15,4.5,0
147,5,2.5,0
147,1,3.0,0
147,4,2.5,0
147,22,1.0,0
147,24,2.5,0
148,3,4.5,0
148,15,2.0,0
148,5,3.5,0
148,17,4.5,0
148,22,2.0,0
148,13,2.0,0
148,20,1.5,0
148,23,2.0,0
148,18,3.0,0
148,11,5.0,0
148,16,3.0,0
148,27,2.5,0
148,24,3.5,0
148,21,4.0,0
148,26,5.0,0
148,25,2.5,0
148,29,5.0,0
148,19,5.0,0
149,23,3.5,0
149,7,3.0,0
149,14,4.5,0
149,15,2.0,0
149,1,2.5,0
149,8,3.5,0
149,12,2.5,0
149,9,2.5,0
149,24,4.0,0
149,30,2.0,0
149,28,1.5,0
149,27,4.0,0
149,17,2.0,0
149,26,2.0,0
149,16,2.5,0
149,6,3.5,0
149,20,4.0,0
149,4,4.5,0
150,6,2.5,0
150,5,3.0,0
150,22,1.5,0
150,18,4.0,0
150,19,5.0,0
150,26,2.5,0
150,16,4.0,0
150,27,2.0,0
150,15,4.0,0
150,10,3.5,0
150,8,4.0,0
150,20,5.0,0
150,12,3.5,0
150,1,3.0,0
150,28,5.0,0
150,9,5.0,0
150,24,2.5,0
150,11,4.5,0
151,15,3.5,0
151,4,2.0,0
151,17,3.0,0
151,22,3.0,0
151,13,2.0,0
151,27,3.0,0
151,20,3.0,0
151,9,2.5,0
151,24,4.5,0
151,6,2.0,0
151,16,1.5,0
151,8,2.5,0
151,21,2.5,0
151,11,4.0,0
151,2,3.5,0
151,7,2.0,0
151,26,4.0,0
151,29,2.0,0
152,10,2.0,0
152,14,4.0,0
152,2,4.0,0
152,15,3.5,0
152,22,5.0,0
152,1,4.5,0
152,27,2.5,0
152,7,2.5,0
152,19,4.5,0
152,17,4.0,0
152,23,2.0,0
152,26,3.0,0
152,25,4.5,0
152,5,4.0,0
152,8,4.5,0
152,13,5.0,0
152,20,4.5,0
152,4,3.5,0
153,17,3.0,0
153,2,3.0,0
153,20,3.0,0
153,11,3.0,0
153,27,4.0,0
153,12,4.5,0
153,23,4.5,0
153,5,2.5,0
153,15,4.5,0
153,4,3.5,0
153,14,3.0,0
153,30,3.5,0
153,19,4.5,0
153,16,4.5,0
153,1,2.5,0
153,28,3.0,0
153,8,3.0,0
153,29,3.0,0
154,18,4.0,0
154,20,3.5,0
154,2,3.5,0
154,23,4.5,0
154,12,3.0,0
154,14,2.5,0
154,25,3.5,0
154,19,2.5,0
154,6,3.0,0
154,7,4.5,0
154,4,2.0,0
154,1,2.0,0
154,24,3.0,0
154,22,3.5,0
154,30,5.0,0
154,17,2.0,0
154,21,2.5,0
154,26,4.0,0
155,17,4.5,0
155,6,3.0,0
155,28,3.0,0
155,22,2.5,0
155,3,3.5,0
155,8,3.0,0
155,26,4.5,0
155,19,5.0,0
155,5,2.5,0
155,11,4.0,0
155,27,3.5,0
155,21,3.5,0
155,23,3.0,0
155,2,5.0,0
155,24,3.5,0
155,30,2.0,0
155,16,3.0,0
155,10,3.0,0
156,25,4.0,0
156,11,2.5,0
156,10,2.0,0
156,5,4.5,0
156,24,4.5,0
156,7,3.0,0
156,16,2.0,0
156,19,1.5,0
156,12,2.5,0
156,23,3.5,0
156,6,4.5,0
156,28,2.5,0
156,8,3.0,0
156,27,5.0,0
156,26,2.0,0
156,15,2.0,0
156,17,3.0,0
156,4,3.5,0
157,14,2.0,0
157,23,3.0,0
157,15,4.0,0
157,9,5.0,0
157,29,2.0,0
157,19,4.0,0
157,25,4.0,0
157,30,4.5,0
157,26,3.5,0
157,7,4.5,0
157,13,3.0,0
157,11,3.5,0
157,6,2.0,0
157,17,2.0,0
157,12,3.5,0
157,21,2.5,0
157,1,1.5,0
157,16,4.0,0
158,10,4.5,0
158,12,4.5,0
158,21,2.0,0
158,11,4.0,0
158,19,2.5,0
158,24,4.0,0
158,7,2.5,0
158,1,5.0,0
158,17,4.5,0
158,2,2.0,0
158,28,4.5,0
158,6,3.0,0
158,29,2.0,0
158,22,3.0,0
158,15,3.5,0
158,30,3.0,0
158,5,3.0,0
158,13,2.5,0
159,3,4.5,0
159,4,3.0,0
159,9,3.0,0
159,6,2.0,0
159,22,4.5,0
159,24,2.5,0
159,8,4.5,0
159,1,3.5,0
159,26,3.5,0
159,19,4.0,0
159,29,4.0,0
159,2,4.0,0
159,14,4.0,0
159,20,3.5,0
159,18,3.5,0
159,30,4.0,0
159,27,3.0,0
159,23,2.0,0
160,27,4.0,0
160,23,5.0,0
160,9,2.0,0
160,30,2.5,0
160,6,4.0,0
160,15,4.0,0
160,2,3.0,0
160,14,3.5,0
160,1,2.0,0
160,18,3.5,0
160,16,4.5,0
160,12,5.0,0
160,17,3.0,0
160,21,3.0,0
160,22,4.0,0
160,5,3.5,0
160,3,2.0,0
160,28,3.0,0
161,1,2.5,0
161,3,4.5,0
161,26,4.5,0
161,29,4.0,0
161,17,2.5,0
161,24,3.0,0
161,19,1.5,0
161,16,3.5,0
161,2,4.5,0
161,21,3.0,0
161,8,1.5,0
161,6,3.0,0
161,10,3.5,0
161,14,1.5,0
161,4,3.5,0
161,30,3.0,0
161,18,4.0,0
161,12,2.5,0
162,1,4.5,0
162,14,3.0,0
162,22,2.5,0
162,16,2.5,0
162,9,1.5,0
162,10,3.5,0
162,8,2.5,0
162,24,4.0,0
162,5,3.0,0
162,3,4.5,0
162,6,2.5,0
162,17,4.5,0
162,12,4.5,0
162,19,4.0,0
162,4,3.0,0
162,25,2.5,0
162,20,2.0,0
162,30,3.0,0
163,12,3.0,0
163,21,2.0,0
163,15,3.5,0
163,11,2.5,0
163,24,4.0,0
163,20,4.5,0
163,22,4.5,0
163,6,5.0,0
163,28,2.5,0
163,18,4.0,0
163,13,3.5,0
163,27,3.5,0
163,19,2.5,0
163,30,3.0,0
163,2,3.0,0
163,16,2.5,0
163,14,4.0,0
163,17,2.5,0
164,29,4.5,0
164,24,2.5,0
164,25,4.5,0
164,6,1.5,0
164,9,4.0,0
164,26,3.0,0
164,22,2.0,0
164,8,3.0,0
164,15,3.5,0
164,20,5.0,0
164,17,2.5,0
164,30,4.0,0
164,2,3.5,0
164,3,3.0,0
164,27,3.0,0
164,5,1.5,0
164,10,4.5,0
164,28,4.5,0
165,18,0.5,0
165,2,4.0,0
165,1,4.5,0
165,20,2.5,0
165,4,3.5,0
165,19,2.5,0
165,5,2.5,0
165,12,4.0,0
165,6,3.5,0
165,8,2.5,0
165,17,4.5,0
165,27,3.5,0
165,10,4.5,0
165,13,2.5,0
165,9,3.0,0
165,24,5.0,0
165,15,4.0,0
165,11,4.5,0
166,6,2.0,0
166,1,4.0,0
166,16,4.0,0
166,11,2.5,0
166,9,2.0,0
166,20,4.5,0
166,13,4.0,0
166,22,3.5,0
166,8,4.5,0
166,21,4.5,0
166,12,2.5,0
166,4,2.5,0
166,19,3.0,0
166,18,2.5,0
166,28,2.5,0
166,17,3.0,0
166,5,5.0,0
166,14,4.5,0
167,16,3.5,0
167,8,2.5,0
167,21,2.5,0
167,3,2.0,0
167,23,4.0,0
167,10,3.0,0
167,9,3.0,0
167,1,2.0,0
167,25,2.5,0
167,28,2.0,0
167,13,2.5,0
167,24,3.5,0
167,4,3.5,0
167,5,4.0,0
167,12,5.0,0
167,15,4.5,0
167,30,3.0,0
167,18,4.5,0
168,20,4.0,0
168,10,2.5,0
168,29,1.5,0
168,17,2.5,0
168,30,5.0,0
168,1,3.0,0
168,27,3.5,0
168,14,2.5,0
168,7,5.0,0
168,26,4.5,0
168,4,2.5,0
168,15,3.5,0
168,18,4.5,0
168,11,2.5,0
168,12,2.0,0
168,19,3.5,0
168,8,4.5,0
168,3,5.0,0
169,16,3.0,0
169,25,3.0,0
169,4,2.5,0
169,23,2.5,0
169,17,4.0,0
169,30,2.5,0
169,27,3.5,0
169,11,3.5,0
169,21,4.5,0
169,22,2.0,0
169,28,4.0,0
169,26,5.0,0
169,13,3.5,0
169,3,4.5,0
169,6,3.0,0
169,7,2.5,0
169,19,4.5,0
169,20,3.0,0
170,14,4.5,0
170,16,1.5,0
170,9,2.0,0
170,24,3.5,0
170,8,4.0,0
170,25,4.0,0
170,6,4.5,0
170,21,1.5,0
170,12,2.0,0
170,10,3.0,0
170,15,1.0,0
170,20,4.5,0
170,28,1.5,0
170,2,3.0,0
170,4,4.0,0
170,30,3.0,0
170,3,4.5,0
170,11,1.5,0
171,30,4.5,0
171,1,3.5,0
171,20,4.5,0
171,16,4.5,0
171,6,2.5,0
171,2,4.5,0
171,28,5.0,0
171,15,3.5,0
171,14,2.5,0
171,3,2.5,0
171,9,4.0,0
171,11,2.0,0
171,26,2.0,0
171,25,5.0,0
171,19,3.5,0
171,4,3.0,0
171,21,1.0,0
171,8,4.5,0
172,22,3.0,0
172,5,1.0,0
172,30,4.0,0
172,25,2.0,0
172,27,2.0,0
172,28,4.0,0
172,20,3.0,0
172,13,1.5,0
172,17,4.5,0
172,19,3.0,0
172,6,2.5,0
172,14,2.0,0
172,23,3.0,0
172,10,5.0,0
172,29,2.0,0
172,16,3.0,0
172,24,4.0,0
172,7,2.5,0
173,1,3.5,0
173,26,4.0,0
173,27,4.0,0
173,14,4.5,0
173,12,2.0,0
173,7,2.0,0
173,20,4.5,0
173,9,2.5,0
173,8,5.0,0
173,22,4.0,0
173,15,3.0,0
173,11,2.5,0
173,13,4.0,0
173,28,2.5,0
173,10,2.0,0
173,21,5.0,0
173,23,2.5,0
173,17,4.0,0
174,12,3.5,0
174,9,3.0,0
174,21,3.0,0
174,29,3.5,0
174,11,1.0,0
174,4,5.0,0
174,3,2.0,0
174,28,3.5,0
174,25,2.0,0
174,7,2.0,0
174,2,1.5,0
174,5,4.0,0
174,27,3.0,0
174,14,3.0,0
174,26,2.0,0
174,22,4.0,0
174,1,3.0,0
174,8,3.5,0
175,7,5.0,0
175,27,3.5,0
175,21,2.0,0
175,29,2.5,0
175,18,3.5,0
175,8,4.0,0
175,20,3.5,0
175,13,3.0,0
175,28,4.5,0
175,1,2.0,0
175,5,2.0,0
175,3,4.0,0
175,19,2.5,0
175,15,5.0,0
175,4,3.0,0
175,11,3.0,0
175,23,4.0,0
175,9,3.5,0
176,9,3.0,0
176,14,3.5,0
176,16,2.5,0
176,4,3.0,0
176,24,3.5,0
176,12,3.5,0
176,22,2.0,0
176,21,3.0,0
176,25,3.5,0
176,10,3.5,0
176,8,2.0,0
176,13,2.0,0
176,2,4.0,0
176,20,3.5,0
176,11,5.0,0
176,19,3.5,0
176,29,4.0,0
176,6,2.0,0
177,28,3.0,0
177,1,2.0,0
177,12,2.5,0
177,2,1.0,0
177,15,2.0,0
177,7,2.5,0
177,13,4.0,0
177,9,1.5,0
177,18,4.0,0
177,26,3.0,0
177,29,3.5,0
177,11,2.5,0
177,14,4.5,0
177,3,3.5,0
177,23,2.5,0
177,24,4.0,0
177,19,3.0,0
177,17,2.0,0
178,21,3.5,0
178,20,4.0,0
178,17,3.0,0
178,4,2.5,0
178,15,3.5,0
178,3,3.5,0
178,11,3.0,0
178,10,4.0,0
178,27,3.0,0
178,12,3.5,0
178,19,3.5,0
178,30,4.0,0
178,23,4.0,0
178,29,2.0,0
178,8,5.0,0
178,25,4.0,0
178,13,2.5,0
178,18,4.5,0
179,5,2.5,0
179,8,3.5,0
179,20,3.5,0
179,14,3.5,0
179,22,2.0,0
179,26,3.5,0
179,9,3.5,0
179,17,4.5,0
179,27,2.5,0
179,3,4.0,0
179,28,5.0,0
179,18,2.5,0
179,6,2.5,0
179,30,4.0,0
179,4,2.0,0
179,13,2.5,0
179,10,3.5,0
179,19,2.0,0
180,7,3.5,0
180,23,3.0,0
180,12,1.5,0
180,18,3.0,0
180,1,5.0,0
180,28,3.0,0
180,6,2.0,0
180,11,3.0,0
180,3,3.0,0
180,21,4.5,0
180,26,3.0,0
180,9,2.5,0
180,17,3.0,0
180,14,4.0,0
180,2,4.5,0
180,15,2.5,0
180,4,2.5,0
180,8,3.5,0
181,8,3.5,0
181,7,2.5,0
181,20,3.0,0
181,14,4.5,0
181,29,5.0,0
181,10,4.5,0
181,2,2.5,0
181,19,4.0,0
181,26,3.0,0
181,24,3.0,0
181,4,3.5,0
181,17,2.5,0
181,5,3.5,0
181,9,3.0,0
181,12,5.0,0
181,18,3.5,0
181,27,3.5,0
181,15,5.0,0
182,30,4.5,0
182,1,2.5,0
182,27,3.0,0
182,11,2.5,0
182,6,3.0,0
182,7,3.5,0
182,9,5.0,0
182,16,3.5,0
182,10,3.5,0
182,8,3.5,0
182,3,4.5,0
182,19,3.0,0
182,5,3.0,0
182,25,3.0,0
182,14,3.0,0
182,22,3.5,0
182,15,4.0,0
182,2,3.5,0
183,6,3.0,0
183,15,2.0,0
183,12,4.0,0
183,30,3.5,0
183,22,3.5,0
183,8,2.0,0
183,26,4.0,0
183,18,3.0,0
183,29,4.5,0
183,2,3.5,0
183,13,3.0,0
183,5,2.5,0
183,28,5.0,0
183,16,2.5,0
183,11,4.5,0
183,27,2.0,0
183,17,3.5,0
183,4,3.0,0
184,28,3.5,0
184,10,2.5,0
184,25,4.5,0
184,26,2.5,0
184,14,4.5,0
184,8,4.0,0
184,1,1.0,0
184,17,2.5,0
184,15,2.5,0
184,13,4.5,0
184,9,3.0,0
184,18,3.5,0
184,11,3.5,0
184,21,2.5,0
184,12,2.0,0
184,29,4.5,0
184,19,2.5,0
184,23,3.5,0
185,14,2.5,0
185,1,3.0,0
185,13,2.5,0
185,3,2.0,0
185,29,2.5,0
185,21,2.5,0
185,22,2.5,0
185,24,3.0,0
185,25,5.0,0
185,9,5.0,0
185,23,3.5,0
185,26,3.0,0
185,4,2.5,0
185,6,2.0,0
185,30,4.5,0
185,2,4.5,0
185,15,5.0,0
185,20,5.0,0
186,24,4.5,0
186,30,3.5,0
186,3,3.5,0
186,23,4.5,0
186,20,2.5,0
186,14,2.0,0
186,7,2.5,0
186,15,4.0,0
186,29,1.5,0
186,19,2.5,0
186,21,3.0,0
186,1,4.5,0
186,12,5.0,0
186,9,3.5,0
186,17,5.0,0
186,4,4.0,0
186,18,3.0,0
186,5,2.5,0
187,20,4.5,0
187,1,4.0,0
187,5,5.0,0
187,14,5.0,0
187,3,4.0,0
187,16,3.5,0
187,12,1.5,0
187,19,3.5,0
187,27,2.5,0
187,28,3.0,0
187,24,3.5,0
187,11,2.0,0
187,10,3.5,0
187,9,2.0,0
187,25,3.5,0
187,7,2.5,0
187,15,2.5,0
187,21,3.0,0
188,18,3.5,0
188,3,2.5,0
188,23,4.5,0
188,1,1.5,0
188,7,3.0,0
188,10,4.0,0
188,25,3.5,0
188,22,4.0,0
188,2,3.0,0
188,16,3.5,0
188,6,3.5,0
188,17,2.0,0
188,13,2.0,0
188,19,5.0,0
188,12,5.0,0
188,15,3.5,0
188,21,2.5,0
188,28,2.5,0
189,1,2.5,0
189,12,2.5,0
189,13,2.5,0
189,16,3.5,0
189,5,2.0,0
189,11,3.5,0
189,30,5.0,0
189,22,2.5,0
189,29,3.0,0
189,6,2.5,0
189,17,3.0,0
189,7,3.0,0
189,2,3.5,0
189,24,2.5,0
189,19,3.0,0
189,20,3.5,0
189,8,2.5,0
189,3,3.5,0
190,13,2.5,0
190,21,4.0,0
190,12,4.0,0
190,6,2.5,0
190,25,2.5,0
190,3,3.5,0
190,4,2.5,0
190,29,4.0,0
190,18,2.5,0
190,20,2.5,0
190,8,3.0,0
190,2,4.5,0
190,16,3.0,0
190,27,2.5,0
190,11,3.5,0
190,22,2.0,0
190,7,2.5,0
190,26,4.5,0
191,11,2.0,0
191,2,2.5,0
191,3,2.5,0
191,19,3.0,0
191,12,2.5,0
191,10,2.0,0
191,27,4.0,0
191,25,4.0,0
191,14,3.5,0
191,16,1.5,0
191,29,5.0,0
191,20,3.5,0
191,6,4.0,0
191,9,2.5,0
191,1,3.0,0
191,4,5.0,0
191,22,4.5,0
191,26,2.0,0
192,7,5.0,0
192,1,2.0,0
192,3,3.5,0
192,4,2.0,0
192,18,5.0,0
192,5,2.0,0
192,25,4.5,0
192,21,2.5,0
192,11,2.5,0
192,23,4.0,0
192,28,5.0,0
192,10,4.5,0
192,16,4.0,0
192,9,4.5,0
192,6,2.0,0
192,29,2.0,0
192,27,2.0,0
192,8,4.0,0
193,4,3.0,0
193,12,5.0,0
193,30,4.5,0
193,18,2.5,0
193,26,3.0,0
193,3,3.0,0
193,21,3.5,0
193,2,2.0,0
193,16,3.5,0
193,8,3.0,0
193,23,4.0,0
193,6,2.5,0
193,13,3.0,0
193,19,2.5,0
193,10,4.0,0
193,22,3.0,0
193,5,2.5,0
193,7,2.0,0
194,5,4.5,0
194,20,5.0,0
194,6,2.5,0
194,3,3.5,0
194,21,3.0,0
194,4,3.0,0
194,18,2.0,0
194,9,2.5,0
194,29,3.0,0
194,10,3.5,0
194,11,3.0,0
194,28,2.5,0
194,27,2.0,0
194,2,4.5,0
194,7,2.5,0
194,23,2.0,0
194,17,2.5,0
194,25,4.0,0
195,11,2.5,0
195,5,4.5,0
195,9,2.0,0
195,8,3.0,0
195,4,3.5,0
195,26,3.0,0
195,3,2.5,0
195,23,4.5,0
195,16,3.5,0
195,18,4.0,0
195,6,3.5,0
195,15,4.0,0
195,14,3.5,0
195,25,2.5,0
195,28,2.5,0
195,24,3.5,0
195,22,3.0,0
195,27,5.0,0
196,18,4.5,0
196,16,3.5,0
196,27,3.0,0
196,19,2.5,0
196,6,2.5,0
196,22,3.0,0
196,9,3.5,0
196,7,2.0,0
196,17,1.0,0
196,14,3.5,0
196,12,3.5,0
196,3,5.0,0
196,13,2.5,0
196,24,2.0,0
196,1,2.5,0
196,11,2.5,0
196,23,3.5,0
196,29,3.5,0
197,9,3.0,0
197,17,4.0,0
197,6,2.5,0
197,22,2.5,0
197,12,4.0,0
197,4,1.5,0
197,19,4.0,0
197,8,3.0,0
197,27,2.5,0
197,26,4.0,0
197,7,2.5,0
197,24,3.5,0
197,25,2.0,0
197,1,4.5,0
197,3,5.0,0
197,30,2.0,0
197,2,4.0,0
197,20,2.0,0
198,13,5.0,0
198,15,3.0,0
198,6,4.0,0
198,23,3.0,0
198,27,5.0,0
198,28,1.5,0
198,20,3.0,0
198,29,4.0,0
198,2,2.5,0
198,7,2.5,0
198,11,2.0,0
198,25,4.5,0
198,9,2.0,0
198,26,2.5,0
198,12,3.0,0
198,1,2.5,0
198,5,4.0,0
198,14,3.5,0
199,11,3.5,0
199,6,3.5,0
199,12,4.0,0
199,29,3.5,0
199,1,3.0,0
199,26,3.5,0
199,30,5.0,0
199,16,5.0,0
199,19,4.0,0
199,23,3.5,0
199,17,2.5,0
199,20,4.0,0
199,24,3.0,0
199,21,2.0,0
199,28,4.0,0
199,25,3.0,0
199,8,5.0,0
199,4,2.5,0
200,29,3.5,0
200,10,4.0,0
200,19,2.5,0
200,7,2.0,0
200,23,3.0,0
200,14,3.0,0
200,15,3.0,0
200,13,3.0,0
200,11,4.0,0
200,28,3.5,0
200,1,4.0,0
200,2,3.0,0
200,9,2.5,0
200,20,2.5,0
200,6,3.0,0
200,18,3.0,0
200,5,2.5,0
200,4,2.0,0
201,27,3.5,0
201,8,4.5,0
201,28,2.0,0
201,13,4.5,0
201,18,2.5,0
201,6,3.5,0
201,7,2.5,0
201,30,3.0,0
201,29,3.5,0
201,11,3.5,0
201,22,5.0,0
201,20,4.5,0
201,16,2.5,0
201,12,3.0,0
201,19,3.5,0
201,2,4.5,0
201,1,3.5,0
201,15,2.5,0
202,6,4.5,0
202,2,3.0,0
202,27,5.0,0
202,11,3.0,0
202,22,2.5,0
202,26,4.0,0
202,25,2.5,0
202,8,3.5,0
202,21,2.5,0
202,19,5.0,0
202,18,3.5,0
202,14,4.0,0
202,23,4.0,0
202,29,4.5,0
202,10,4.5,0
202,30,3.0,0
202,20,1.5,0
202,16,4.5,0
203,24,2.5,0
203,3,5.0,0
203,21,2.5,0
203,7,3.0,0
203,13,1.5,0
203,28,4.0,0
203,2,3.5,0
203,16,4.0,0
203,19,3.5,0
203,18,3.0,0
203,1,2.5,0
203,17,2.5,0
203,22,3.0,0
203,9,4.5,0
203,26,3.5,0
203,12,3.0,0
203,20,4.5,0
203,11,2.5,0
204,6,1.5,0
204,28,4.0,0
204,11,3.5,0
204,30,3.0,0
204,3,4.0,0
204,23,2.0,0
204,8,2.0,0
204,17,4.0,0
204,4,2.5,0
204,21,4.5,0
204,15,2.5,0
204,7,2.5,0
204,18,2.5,0
204,29,5.0,0
204,24,3.5,0
204,26,4.0,0
204,2,5.0,0
204,16,3.0,0
205,9,2.5,0
205,15,2.0,0
205,25,3.5,0
205,30,2.5,0
205,19,2.5,0
205,7,3.0,0
205,23,2.5,0
205,6,4.5,0
205,24,4.5,0
205,1,2.5,0
205,10,2.0,0
205,5,5.0,0
205,18,4.0,0
205,21,2.5,0
205,4,4.0,0
205,11,2.5,0
205,20,4.5,0
205,14,5.0,0
206,21,2.0,0
206,12,3.5,0
206,1,3.5,0
206,3,2.5,0
206,7,4.0,0
206,18,3.5,0
206,15,4.0,0
206,13,3.0,0
206,6,3.0,0
206,24,3.0,0
206,23,3.5,0
206,17,2.5,0
206,2,4.0,0
206,8,5.0,0
206,22,3.0,0
206,26,2.0,0
206,14,2.5,0
206,29,2.5,0
207,20,3.0,0
207,13,2.0,0
207,7,3.0,0
207,25,2.5,0
207,21,3.0,0
207,22,2.0,0
207,11,4.0,0
207,1,4.5,0
207,10,5.0,0
207,4,3.5,0
207,14,2.5,0
207,17,5.0,0
207,3,3.5,0
207,26,4.5,0
207,24,4.0,0
207,5,3.0,0
207,19,1.5,0
207,23,3.0,0
208,21,4.5,0
208,17,3.5,0
208,15,3.0,0
208,22,4.5,0
208,20,4.0,0
208,23,3.0,0
208,30,3.5,0
208,24,3.0,0
208,28,3.0,0
208,12,3.0,0
208,10,2.0,0
208,7,3.0,0
208,25,3.5,0
208,29,3.5,0
208,4,4.0,0
208,13,4.0,0
208,18,2.0,0
208,3,4.5,0
209,25,2.5,0
209,20,2.5,0
209,7,2.5,0
209,21,2.5,0
209,1,2.5,0
209,9,2.5,0
209,15,4.5,0
209,10,4.0,0
209,5,4.0,0
209,23,3.5,0
209,29,3.5,0
209,17,2.5,0
209,8,2.0,0
209,24,4.5,0
209,28,2.5,0
209,18,4.0,0
209,26,2.5,0
209,6,3.5,0
210,21,3.5,0
210,19,2.5,0
210,8,4.5,0
210,28,4.5,0
210,24,2.0,0
210,10,2.5,0
210,23,3.5,0
210,7,3.0,0
210,25,4.0,0
210,9,3.5,0
210,18,3.5,0
210,12,3.0,0
210,4,1.5,0
210,20,4.5,0
210,1,2.5,0
210,14,3.0,0
210,11,3.0,0
210,17,3.5,0
211,2,4.5,0
211,15,3.0,0
211,10,4.0,0
211,7,2.0,0
211,30,2.0,0
211,24,3.5,0
211,21,4.0,0
211,6,2.0,0
211,25,1.5,0
211,4,2.0,0
211,14,2.5,0
211,17,4.5,0
211,8,2.0,0
211,16,2.5,0
211,28,3.5,0
211,20,3.0,0
211,3,4.0,0
211,29,4.5,0
212,25,3.0,0
212,9,4.0,0
212,28,2.5,0
212,23,1.5,0
212,20,3.5,0
212,19,1.0,0
212,3,2.5,0
212,4,4.5,0
212,27,4.0,0
212,1,2.5,0
212,5,5.0,0
212,12,1.5,0
212,11,2.0,0
212,2,2.5,0
212,21,2.0,0
212,26,2.5,0
212,16,2.0,0
212,7,2.5,0
213,16,5.0,0
213,1,2.0,0
213,26,2.5,0
213,25,4.5,0
213,2,3.5,0
213,20,4.0,0
213,8,5.0,0
213,12,4.0,0
213,11,3.5,0
213,17,3.0,0
213,10,3.5,0
213,24,1.5,0
213,22,2.0,0
213,6,3.0,0
213,3,1.5,0
213,21,2.5,0
213,14,3.0,0
213,9,5.0,0
214,12,4.0,0
214,23,4.5,0
214,20,3.0,0
214,2,2.0,0
214,26,4.0,0
214,30,2.5,0
214,8,2.5,0
214,25,3.0,0
214,9,2.5,0
214,29,2.5,0
214,24,2.5,0
214,11,4.0,0
214,5,3.0,0
214,6,3.0,0
214,19,3.0,0
214,21,2.5,0
214,10,4.0,0
214,17,3.5,0
215,12,2.0,0
215,15,2.0,0
215,10,3.0,0
215,14,3.5,0
215,13,4.5,0
215,1,4.0,0
215,8,5.0,0
215,20,4.0,0
215,16,3.0,0
215,24,2.5,0
215,22,4.5,0
215,3,3.0,0
215,7,1.0,0
215,27,3.0,0
215,18,3.0,0
215,23,3.0,0
215,21,3.5,0
215,19,4.5,0
216,18,3.5,0
216,12,3.5,0
216,20,3.5,0
216,8,3.0,0
216,23,4.0,0
216,21,3.0,0
216,16,4.5,0
216,5,4.0,0
216,13,3.0,0
216,30,2.5,0
216,26,3.0,0
216,1,3.0,0
216,25,2.5,0
216,6,3.5,0
216,24,4.5,0
216,11,2.5,0
216,17,3.0,0
216,3,3.0,0
217,22,2.5,0
217,2,4.5,0
217,8,4.0,0
217,4,3.0,0
217,14,1.5,0
217,24,3.0,0
217,12,2.5,0
217,29,3.0,0
217,7,3.0,0
217,28,3.0,0
217,23,5.0,0
217,16,3.0,0
217,17,3.0,0
217,11,2.5,0
217,13,2.5,0
217,19,2.5,0
217,1,2.0,0
217,5,2.5,0
218,25,2.0,0
218,9,2.0,0
218,17,5.0,0
218,19,5.0,0
218,12,3.5,0
218,13,3.5,0
218,1,4.5,0
218,8,2.5,0
218,18,2.5,0
218,21,4.5,0
218,22,2.0,0
218,29,4.5,0
218,10,4.0,0
218,24,3.0,0
218,15,2.5,0
218,6,2.5,0
218,27,3.0,0
218,14,1.5,0
219,29,2.5,0
219,6,3.5,0
219,25,3.5,0
219,24,4.5,0
219,14,4.5,0
219,20,3.5,0
219,22,3.5,0
219,28,2.5,0
219,21,2.5,0
219,5,4.5,0
219,10,2.0,0
219,17,3.0,0
219,12,2.5,0
219,9,2.0,0
219,27,4.0,0
219,15,3.0,0
219,16,2.5,0
219,23,2.0,0
220,5,1.5,0
220,16,4.0,0
220,29,2.0,0
220,28,4.5,0
220,4,3.0,0
220,30,4.5,0
220,21,2.0,0
220,15,4.0,0
220,19,3.5,0
220,14,2.0,0
220,22,3.0,0
220,3,3.0,0
220,24,3.0,0
220,10,3.5,0
220,17,3.0,0
220,1,2.5,0
220,25,4.5,0
220,26,2.5,0
221,25,2.0,0
221,6,2.0,0
221,21,2.5,0
221,26,4.0,0
221,2,1.5,0
221,11,4.0,0
221,13,3.5,0
221,7,2.5,0
221,17,5.0,0
221,3,4.0,0
221,8,2.0,0
221,12,4.0,0
221,5,2.5,0
221,27,2.0,0
221,15,3.0,0
221,24,5.0,0
221,10,4.0,0
221,18,3.0,0
222,26,2.5,0
222,16,2.5,0
222,1,4.0,0
222,2,3.5,0
222,13,4.5,0
222,5,4.5,0
222,30,2.5,0
222,11,1.5,0
222,21,4.0,0
222,14,4.0,0
222,25,4.0,0
222,29,4.0,0
222,7,3.5,0
222,8,4.5,0
222,19,4.0,0
222,4,2.0,0
222,15,2.5,0
222,18,2.5,0
223,11,2.5,0
223,25,2.5,0
223,21,2.5,0
223,10,3.5,0
223,9,2.5,0
223,20,2.5,0
223,3,3.0,0
223,26,2.0,0
223,23,4.0,0
223,19,4.0,0
223,15,5.0,0
223,29,3.0,0
223,4,4.0,0
223,22,4.0,0
223,2,2.5,0
223,17,2.0,0
223,14,3.0,0
223,12,5.0,0
224,1,3.5,0
224,15,3.5,0
224,13,2.5,0
224,18,4.0,0
224,25,3.5,0
224,24,3.0,0
224,14,2.5,0
224,29,3.5,0
224,23,5.0,0
224,19,3.0,0
224,6,3.0,0
224,21,3.5,0
224,20,3.0,0
224,11,2.0,0
224,16,4.5,0
224,22,3.0,0
224,9,3.5,0
224,7,3.5,0
225,10,4.5,0
225,30,2.0,0
225,26,3.5,0
225,18,2.0,0
225,13,2.5,0
225,9,2.0,0
225,5,2.5,0
225,17,4.0,0
225,1,4.0,0
225,24,4.0,0
225,14,2.5,0
225,12,4.5,0
225,11,3.5,0
225,19,4.5,0
225,7,2.5,0
225,25,2.5,0
225,28,4.0,0
225,2,4.0,0
226,27,5.0,0
226,9,2.0,0
226,24,3.5,0
226,26,3.0,0
226,22,4.0,0
226,1,3.5,0
226,15,2.5,0
226,3,3.0,0
226,19,3.0,0
226,7,2.5,0
226,20,3.5,0
226,12,3.0,0
226,4,4.5,0
226,21,2.0,0
226,29,3.5,0
226,16,1.0,0
226,23,3.0,0
226,30,2.5,0
227,10,3.5,0
227,4,1.5,0
227,23,4.0,0
227,22,2.0,0
227,5,3.0,0
227,11,2.0,0
227,13,2.5,0
227,30,4.5,0
227,7,4.5,0
227,27,3.0,0
227,25,4.5,0
227,15,4.0,0
227,17,3.0,0
227,24,2.5,0
227,12,3.5,0
227,14,2.0,0
227,21,3.0,0
227,26,2.5,0
228,18,2.0,0
228,6,2.5,0
228,4,3.0,0
228,3,3.0,0
228,29,3.5,0
228,14,2.5,0
228,5,3.0,0
228,13,2.5,0
228,24,4.5,0
228,25,3.5,0
228,15,3.5,0
228,27,3.5,0
228,12,4.0,0
228,26,4.0,0
228,23,4.0,0
228,21,2.0,0
228,11,4.5,0
228,22,2.5,0
229,13,4.5,0
229,17,4.5,0
229,16,3.5,0
229,12,2.5,0
229,28,2.5,0
229,4,1.5,0
229,8,4.5,0
229,6,2.0,0
229,1,3.5,0
229,9,1.5,0
229,25,4.5,0
229,5,3.5,0
229,21,4.0,0
229,15,2.0,0
229,29,3.0,0
229,23,3.0,0
229,19,4.0,0
229,30,3.0,0
230,20,1.5,0
230,25,2.5,0
230,3,2.0,0
230,17,3.0,0
230,15,5.0,0
230,21,2.5,0
230,12,4.5,0
230,10,4.5,0
230,24,2.5,0
230,19,4.0,0
230,13,3.0,0
230,23,2.5,0
230,11,2.0,0
230,27,4.5,0
230,2,3.0,0
230,9,3.0,0
230,4,4.0,0
230,14,4.0,0
231,2,4.5,0
231,14,3.5,0
231,29,3.0,0
231,8,3.0,0
231,27,2.5,0
231,18,5.0,0
231,16,3.0,0
231,7,3.5,0
231,19,3.5,0
231,6,3.0,0
231,30,5.0,0
231,22,2.0,0
231,3,4.0,0
231,15,5.0,0
231,13,2.0,0
231,1,2.5,0
231,25,3.5,0
231,17,3.0,0
232,9,2.0,0
232,16,3.5,0
232,18,2.5,0
232,25,1.5,0
232,7,3.0,0
232,17,5.0,0
232,14,1.5,0
232,6,2.0,0
232,19,4.0,0
232,3,4.5,0
232,23,2.5,0
232,21,4.0,0
232,26,4.5,0
232,8,2.5,0
232,4,3.0,0
232,24,3.0,0
232,2,3.5,0
232,13,3.0,0
233,28,3.0,0
233,18,5.0,0
233,27,4.5,0
233,25,4.5,0
233,9,3.0,0
233,19,3.0,0
233,22,3.5,0
233,30,2.5,0
233,2,2.5,0
233,20,3.5,0
233,13,4.0,0
233,6,4.5,0
233,29,4.5,0
233,1,2.5,0
233,15,2.0,0
233,16,3.0,0
233,11,3.0,0
233,26,2.0,0
234,13,2.5,0
234,24,2.5,0
234,1,3.0,0
234,17,2.0,0
234,8,4.0,0
234,23,3.5,0
234,4,2.5,0
234,2,5.0,0
234,11,2.5,0
234,27,1.5,0
234,18,4.5,0
234,12,4.0,0
234,16,4.0,0
234,14,2.0,0
234,25,5.0,0
234,29,2.0,0
234,28,4.5,0
234,22,2.5,0
235,17,4.0,0
235,8,3.5,0
235,24,4.5,0
235,16,2.5,0
235,2,3.0,0
235,7,2.0,0
235,13,2.0,0
235,25,3.0,0
235,29,2.0,0
235,14,2.0,0
235,26,4.0,0
235,19,3.0,0
235,30,3.0,0
235,28,4.0,0
235,6,2.0,0
235,12,5.0,0
235,1,5.0,0
235,20,2.5,0
236,23,3.5,0
236,20,4.5,0
236,10,2.5,0
236,25,4.5,0
236,12,2.0,0
236,5,5.0,0
236,29,4.0,0
236,1,3.5,0
236,28,2.5,0
236,8,4.0,0
236,4,3.5,0
236,26,3.5,0
236,30,2.5,0
236,24,3.0,0
236,11,2.0,0
236,19,4.0,0
236,17,4.0,0
236,18,1.5,0
237,23,4.5,0
237,24,4.0,0
237,25,2.5,0
237,11,2.5,0
237,26,2.5,0
237,18,4.0,0
237,10,5.0,0
237,29,3.0,0
237,12,4.5,0
237,13,2.0,0
237,15,4.5,0
237,19,4.0,0
237,16,5.0,0
237,8,2.5,0
237,1,2.5,0
237,9,3.0,0
237,3,2.0,0
237,7,2.5,0
238,24,2.5,0
238,7,4.0,0
238,13,3.0,0
238,9,2.5,0
238,3,5.0,0
238,16,4.0,0
238,28,4.0,0
238,18,3.5,0
238,1,1.5,0
238,15,4.5,0
238,29,2.5,0
238,4,3.0,0
238,14,2.5,0
238,27,2.5,0
238,17,2.0,0
238,8,4.0,0
238,21,2.0,0
238,30,5.0,0
239,11,4.0,0
239,19,4.0,0
239,14,3.0,0
239,2,3.5,0
239,16,2.0,0
239,30,1.5,0
239,13,1.5,0
239,4,3.5,0
239,3,5.0,0
239,28,4.0,0
239,25,2.0,0
239,27,2.5,0
239,6,3.0,0
239,8,2.5,0
239,1,4.5,0
239,9,2.5,0
239,21,4.0,0
239,5,2.5,0
240,26,3.0,0
240,22,4.5,0
240,13,4.5,0
240,24,4.5,0
240,29,5.0,0
240,7,2.5,0
240,14,4.0,0
240,8,3.5,0
240,5,3.5,0
240,16,3.0,0
240,25,3.5,0
240,6,4.0,0
240,30,3.0,0
240,10,2.0,0
240,17,3.0,0
240,1,2.5,0
240,4,5.0,0
240,19,2.5,0
241,24,2.5,0
241,13,2.5,0
241,12,4.5,0
241,29,2.5,0
241,21,3.0,0
241,27,2.5,0
241,17,2.5,0
241,14,3.5,0
241,2,5.0,0
241,30,4.5,0
241,19,4.0,0
241,4,2.0,0
241,25,4.0,0
241,3,3.0,0
241,15,4.0,0
241,26,3.0,0
241,16,3.5,0
241,28,5.0,0
242,5,3.0,0
242,10,4.0,0
242,29,2.0,0
242,15,4.0,0
242,25,2.5,0
242,8,2.5,0
242,28,3.5,0
242,1,4.0,0
242,4,3.0,0
242,26,4.0,0
242,9,2.0,0
242,16,2.0,0
242,14,2.5,0
242,13,3.0,0
242,12,4.5,0
242,3,3.5,0
242,11,4.5,0
242,6,3.5,0
243,1,4.0,0
243,8,4.5,0
243,22,4.0,0
243,26,3.5,0
243,4,3.0,0
243,10,3.5,0
243,14,5.0,0
243,21,4.0,0
243,17,3.5,0
243,19,4.0,0
243,3,3.5,0
243,6,2.0,0
243,11,2.0,0
243,5,4.5,0
243,18,2.5,0
243,25,3.5,0
243,27,2.5,0
243,2,3.5,0
244,10,5.0,0
244,7,2.5,0
244,2,3.0,0
244,29,4.0,0
244,11,3.0,0
244,30,3.0,0
244,5,4.0,0
244,3,2.5,0
244,13,2.5,0
244,19,4.5,0
244,6,5.0,0
244,1,3.5,0
244,21,3.0,0
244,9,3.0,0
244,26,2.0,0
244,27,3.5,0
244,20,3.0,0
244,22,4.5,0
245,26,4.5,0
245,30,3.5,0
245,7,3.0,0
245,4,2.5,0
245,22,2.5,0
245,11,2.0,0
245,13,2.0,0
245,15,3.5,0
245,25,4.0,0
245,19,1.5,0
245,3,3.5,0
245,27,1.5,0
245,16,4.0,0
245,24,1.5,0
245,14,2.5,0
245,6,3.5,0
245,5,3.5,0
245,29,1.5,0
246,16,2.5,0
246,22,2.5,0
246,10,4.0,0
246,8,3.0,0
246,12,3.5,0
246,28,3.5,0
246,19,5.0,0
246,15,2.0,0
246,5,3.5,0
246,9,2.0,0
246,7,2.5,0
246,2,4.0,0
246,6,4.0,0
246,27,2.5,0
246,29,4.0,0
246,17,4.0,0
246,21,4.5,0
246,20,2.5,0
247,12,2.0,0
247,18,4.5,0
247,5,4.5,0
247,19,3.0,0
247,1,2.5,0
247,27,4.0,0
247,25,4.0,0
247,30,3.5,0
247,10,2.5,0
247,16,1.5,0
247,17,3.0,0
247,13,3.5,0
247,20,3.5,0
247,28,3.0,0
247,9,2.5,0
247,2,2.5,0
247,22,4.0,0
247,23,3.5,0
248,4,2.5,0
248,17,2.5,0
248,24,3.0,0
248,6,2.5,0
248,22,3.5,0
248,10,4.5,0
248,20,4.0,0
248,15,3.5,0
248,12,2.0,0
248,1,2.5,0
248,9,3.5,0
248,29,2.5,0
248,28,4.5,0
248,11,3.0,0
248,16,5.0,0
248,5,2.5,0
248,2,5.0,0
248,14,2.5,0
249,9,2.5,0
249,28,4.0,0
249,22,2.5,0
249,10,4.5,0
249,30,3.5,0
249,20,2.5,0
249,2,2.0,0
249,24,4.0,0
249,27,3.0,0
249,23,4.0,0
249,21,2.0,0
249,7,3.5,0
249,6,2.5,0
249,11,5.0,0
249,4,3.5,0
249,5,2.5,0
249,29,2.0,0
249,19,4.0,0
250,18,2.5,0
250,26,4.0,0
250,23,3.0,0
250,30,2.5,0
250,10,2.0,0
250,3,3.0,0
250,6,2.0,0
250,19,2.5,0
250,11,3.5,0
250,13,4.5,0
250,27,2.5,0
250,9,1.5,0
250,1,2.5,0
250,12,2.5,0
250,17,5.0,0
250,5,4.0,0
250,24,3.0,0
250,29,3.5,0
251,27,3.0,0
251,17,1.5,0
251,23,4.5,0
251,2,2.0,0
251,20,3.0,0
251,25,2.5,0
251,6,3.5,0
251,15,4.5,0
251,18,4.0,0
251,9,1.0,0
251,11,2.5,0
251,10,4.5,0
251,24,4.5,0
251,7,3.5,0
251,13,2.0,0
251,4,3.5,0
251,8,1.5,0
251,22,4.5,0
252,17,3.0,0
252,28,3.5,0
252,12,3.5,0
252,20,4.0,0
252,23,4.5,0
252,21,3.5,0
252,30,4.0,0
252,19,2.5,0
252,29,2.0,0
252,18,3.5,0
252,8,3.0,0
252,16,4.0,0
252,11,3.0,0
252,14,2.5,0
252,1,2.5,0
252,3,4.5,0
252,27,2.0,0
252,15,4.5,0
253,28,4.5,0
253,1,4.0,0
253,9,1.5,0
253,14,3.0,0
253,16,3.5,0
253,2,5.0,0
253,4,3.0,0
253,6,2.0,0
253,5,2.5,0
253,23,3.5,0
253,29,3.5,0
253,3,3.5,0
253,25,3.0,0
253,27,2.5,0
253,18,2.0,0
253,8,3.5,0
253,17,4.5,0
253,21,4.0,0
254,23,2.5,0
254,18,4.5,0
254,4,3.5,0
254,8,4.5,0
254,10,3.0,0
254,30,3.5,0
254,21,2.5,0
254,14,4.0,0
254,13,4.5,0
254,16,2.5,0
254,1,2.5,0
254,11,3.0,0
254,24,3.5,0
254,15,3.0,0
254,25,4.0,0
254,2,3.5,0
254,27,5.0,0
254,3,3.5,0
255,7,4.5,0
255,16,4.5,0
255,15,3.5,0
255,6,2.0,0
255,1,3.0,0
255,12,4.0,0
255,24,3.0,0
255,5,3.0,0
255,22,2.0,0
255,4,3.0,0
255,29,2.5,0
255,11,2.5,0
255,10,3.5,0
255,17,2.0,0
255,25,5.0,0
255,26,2.0,0
255,2,4.0,0
255,18,4.0,0
256,5,3.0,0
256,8,2.0,0
256,24,5.0,0
256,9,3.0,0
256,27,1.5,0
256,21,1.5,0
256,20,3.0,0
256,10,4.0,0
256,11,3.5,0
256,3,3.5,0
256,14,3.0,0
256,18,2.5,0
256,22,1.5,0
256,16,3.5,0
256,4,3.0,0
256,2,2.5,0
256,25,2.5,0
256,6,3.0,0
257,7,1.5,0
257,3,3.0,0
257,9,2.0,0
257,20,4.5,0
257,18,1.0,0
257,12,2.5,0
257,22,5.0,0
257,28,2.5,0
257,11,3.0,0
257,30,1.5,0
257,10,1.5,0
257,14,5.0,0
257,5,4.5,0
257,26,4.0,0
257,13,3.5,0
257,2,4.0,0
257,16,2.0,0
257,24,3.5,0
258,3,4.0,0
258,14,4.0,0
258,18,4.5,0
258,9,2.0,0
258,2,3.0,0
258,19,4.0,0
258,17,3.0,0
258,30,3.0,0
258,21,2.5,0
258,1,4.0,0
258,15,5.0,0
258,20,3.0,0
258,26,3.0,0
258,8,3.5,0
258,4,3.0,0
258,29,4.5,0
258,11,2.0,0
258,27,3.5,0
259,28,3.5,0
259,12,3.0,0
259,7,4.0,0
259,27,3.5,0
259,21,3.0,0
259,22,3.0,0
259,23,4.0,0
259,30,5.0,0
259,4,3.0,0
259,13,3.5,0
259,20,3.0,0
259,5,2.0,0
259,11,3.0,0
259,18,2.0,0
259,16,4.0,0
259,14,3.0,0
259,10,2.5,0
259,26,4.0,0
260,11,2.5,0
260,17,4.0,0
260,7,2.0,0
260,21,4.0,0
260,30,3.0,0
260,28,3.5,0
260,18,2.5,0
260,14,3.5,0
260,1,4.5,0
260,4,2.0,0
260,6,2.5,0
260,22,2.0,0
260,15,3.0,0
260,3,4.5,0
260,20,2.0,0
260,23,2.5,0
260,2,4.0,0
260,29,4.5,0
261,17,3.0,0
261,28,3.0,0
261,15,2.5,0
261,2,2.0,0
261,7,2.5,0
261,9,3.0,0
261,27,3.5,0
261,30,2.5,0
261,25,3.5,0
261,11,2.5,0
261,8,3.0,0
261,10,1.5,0
261,29,4.5,0
261,12,3.0,0
261,22,3.5,0
261,19,3.0,0
261,21,3.0,0
261,13,4.0,0
262,18,4.0,0
262,5,3.5,0
262,21,3.0,0
262,29,2.0,0
262,8,4.0,0
262,22,3.0,0
262,19,4.0,0
262,20,3.5,0
262,23,3.5,0
262,12,4.0,0
262,24,2.5,0
262,11,4.0,0
262,30,4.5,0
262,28,4.5,0
262,3,3.5,0
262,7,4.0,0
262,1,3.0,0
262,26,1.5,0
263,18,2.0,0
263,3,4.0,0
263,24,4.0,0
263,6,2.5,0
263,14,3.5,0
263,12,4.0,0
263,28,4.0,0
263,20,2.0,0
263,19,3.0,0
263,16,1.0,0
263,10,4.0,0
263,21,2.5,0
263,1,4.0,0
263,5,3.0,0
263,22,3.5,0
263,15,3.0,0
263,25,4.0,0
263,26,3.0,0
264,12,3.0,0
264,5,4.5,0
264,13,4.5,0
264,4,3.0,0
264,28,2.5,0
264,15,2.5,0
264,19,3.5,0
264,23,3.0,0
264,10,1.5,0
264,7,3.0,0
264,26,3.5,0
264,17,3.5,0
264,11,2.5,0
264,14,4.0,0
264,18,3.5,0
264,24,4.5,0
264,6,3.5,0
264,30,2.5,0
265,17,2.5,0
265,8,2.5,0
265,27,3.0,0
265,9,3.0,0
265,21,2.5,0
265,13,3.0,0
265,19,4.0,0
265,2,2.0,0
265,4,3.0,0
265,18,3.5,0
265,28,2.0,0
265,24,3.0,0
265,1,3.0,0
265,26,1.5,0
265,10,5.0,0
265,23,4.5,0
265,25,2.5,0
265,29,3.0,0
266,17,2.5,0
266,18,3.5,0
266,7,3.5,0
266,13,2.5,0
266,30,3.5,0
266,14,2.5,0
266,20,3.5,0
266,5,2.0,0
266,16,3.5,0
266,21,3.0,0
266,22,2.5,0
266,3,4.0,0
266,27,2.5,0
266,9,4.0,0
266,19,1.5,0
266,2,4.0,0
266,4,1.5,0
266,11,2.0,0
267,25,2.5,0
267,12,3.5,0
267,19,4.0,0
267,17,4.0,0
267,6,2.5,0
267,16,2.0,0
267,21,4.5,0
267,3,4.0,0
267,18,2.5,0
267,1,5.0,0
267,2,4.5,0
267,27,2.5,0
267,24,4.0,0
267,8,2.0,0
267,15,2.5,0
267,26,4.0,0
267,11,3.0,0
267,9,3.0,0
268,3,2.0,0
268,14,4.0,0
268,2,3.5,0
268,23,2.5,0
268,26,3.0,0
268,28,3.0,0
268,20,4.0,0
268,13,4.0,0
268,21,3.0,0
268,16,3.0,0
268,9,2.5,0
268,10,2.0,0
268,5,4.5,0
268,6,4.5,0
268,18,4.0,0
268,25,5.0,0
268,7,2.0,0
268,27,5.0,0
269,29,3.0,0
269,11,2.5,0
269,6,2.0,0
269,30,5.0,0
269,17,2.0,0
269,26,2.5,0
269,8,4.0,0
269,10,4.0,0
269,22,3.0,0
269,2,4.0,0
269,21,2.5,0
269,27,2.5,0
269,18,4.5,0
269,5,2.0,0
269,23,5.0,0
269,1,2.0,0
269,14,2.5,0
269,4,2.0,0
270,23,4.5,0
270,1,4.5,0
270,24,4.0,0
270,14,2.5,0
270,19,2.0,0
270,29,2.0,0
270,12,4.5,0
270,7,2.5,0
270,26,5.0,0
270,20,3.5,0
270,16,3.5,0
270,15,4.0,0
270,3,3.5,0
270,17,4.5,0
270,4,2.5,0
270,27,3.5,0
270,22,3.0,0
270,13,2.5,0
271,25,4.0,0
271,14,4.0,0
271,23,2.5,0
271,27,2.5,0
271,30,2.5,0
271,2,4.0,0
271,21,3.0,0
271,5,4.0,0
271,1,4.0,0
271,12,2.0,0
271,13,4.5,0
271,8,4.5,0
271,10,1.5,0
271,11,2.5,0
271,28,1.5,0
271,16,3.0,0
271,4,2.5,0
271,20,5.0,0
272,27,2.0,0
272,8,3.0,0
272,20,2.5,0
272,7,2.5,0
272,26,2.5,0
272,1,2.5,0
272,25,2.5,0
272,21,3.0,0
272,13,3.0,0
272,12,4.0,0
272,10,5.0,0
272,23,4.5,0
272,19,4.0,0
272,18,4.0,0
272,15,3.5,0
272,9,2.5,0
272,2,2.0,0
272,29,3.0,0
273,14,3.0,0
273,29,3.0,0
273,12,4.0,0
273,25,3.5,0
273,2,3.5,0
273,27,3.0,0
273,1,2.0,0
273,19,2.5,0
273,13,2.5,0
273,24,1.0,0
273,5,2.5,0
273,15,4.0,0
273,21,3.5,0
273,26,4.5,0
273,9,3.0,0
273,28,3.5,0
273,20,2.5,0
273,11,2.0,0
274,10,4.0,0
274,26,5.0,0
274,20,2.5,0
274,25,2.5,0
274,24,4.0,0
274,17,4.0,0
274,14,2.0,0
274,4,3.0,0
274,5,2.5,0
274,23,2.5,0
274,2,4.5,0
274,13,3.5,0
274,30,2.5,0
274,28,3.5,0
274,1,3.5,0
274,12,3.5,0
274,18,3.0,0
274,8,3.0,0
275,22,4.5,0
275,29,4.0,0
275,1,2.5,0
275,8,3.5,0
275,6,4.5,0
275,5,4.0,0
275,26,3.0,0
275,24,3.0,0
275,10,2.5,0
275,12,3.5,0
275,30,3.5,0
275,28,3.0,0
275,18,5.0,0
275,7,2.5,0
275,16,2.5,0
275,19,3.0,0
275,13,3.5,0
275,23,2.0,0
276,21,3.5,0
276,20,4.5,0
276,5,3.0,0
276,3,4.0,0
276,8,3.0,0
276,17,2.5,0
276,1,3.0,0
276,2,4.0,0
276,6,3.5,0
276,23,3.5,0
276,26,2.5,0
276,14,2.5,0
276,7,4.0,0
276,28,4.0,0
276,12,4.0,0
276,19,3.5,0
276,9,5.0,0
276,25,4.5,0
277,10,3.0,0
277,2,2.5,0
277,16,3.5,0
277,11,4.5,0
277,29,3.0,0
277,17,4.5,0
277,25,4.0,0
277,20,2.5,0
277,1,4.5,0
277,6,2.5,0
277,22,3.0,0
277,18,2.5,0
277,15,4.5,0
277,14,2.5,0
277,4,3.5,0
277,13,3.0,0
277,27,2.5,0
277,23,4.0,0
278,13,3.0,0
278,8,4.5,0
278,25,4.0,0
278,29,2.5,0
278,16,2.5,0
278,23,3.5,0
278,22,3.5,0
278,17,5.0,0
278,2,3.0,0
278,15,2.5,0
278,9,2.0,0
278,5,4.5,0
278,21,3.5,0
278,27,2.0,0
278,20,5.0,0
278,6,2.5,0
278,1,3.5,0
278,14,5.0,0
279,27,5.0,0
279,2,3.0,0
279,21,3.0,0
279,14,2.0,0
279,28,2.5,0
279,16,5.0,0
279,4,4.0,0
279,12,3.5,0
279,7,2.5,0
279,3,1.0,0
279,13,3.0,0
279,22,2.5,0
279,25,3.0,0
279,23,5.0,0
279,9,2.5,0
279,18,4.0,0
279,10,4.0,0
279,20,2.5,0
280,15,3.5,0
280,3,4.5,0
280,5,2.5,0
280,28,4.0,0
280,17,2.5,0
280,2,4.0,0
280,27,2.0,0
280,30,4.5,0
280,25,3.0,0
280,20,4.0,0
280,10,1.5,0
280,16,4.0,0
280,7,3.0,0
280,1,2.5,0
280,21,3.0,0
280,12,2.5,0
280,29,1.5,0
280,4,2.0,0
281,5,2.5,0
281,1,4.0,0
281,17,5.0,0
281,22,2.5,0
281,13,2.5,0
281,30,2.5,0
281,12,3.0,0
281,26,4.0,0
281,8,2.5,0
281,21,4.5,0
281,2,4.5,0
281,10,3.5,0
281,11,3.5,0
281,7,1.5,0
281,28,4.0,0
281,25,2.0,0
281,9,3.0,0
281,18,3.5,0
282,21,3.0,0
282,3,2.5,0
282,16,1.5,0
282,29,5.0,0
282,15,3.0,0
282,26,2.0,0
282,7,2.0,0
282,12,2.5,0
282,4,4.5,0
282,25,3.5,0
282,13,4.0,0
282,6,3.5,0
282,23,2.0,0
282,19,1.5,0
282,22,4.0,0
282,2,3.5,0
282,30,3.5,0
282,8,4.0,0
283,21,2.0,0
283,22,2.5,0
283,14,3.0,0
283,28,4.5,0
283,26,2.5,0
283,18,3.5,0
283,20,4.5,0
283,29,3.5,0
283,2,3.5,0
283,4,2.5,0
283,23,3.5,0
283,7,4.0,0
283,1,2.5,0
283,9,4.5,0
283,3,3.0,0
283,16,4.0,0
283,10,3.0,0
283,6,2.5,0
284,12,4.5,0
284,22,2.5,0
284,6,3.0,0
284,3,3.5,0
284,30,3.0,0
284,24,4.5,0
284,11,4.0,0
284,26,3.0,0
284,2,2.0,0
284,5,3.0,0
284,29,2.5,0
284,20,1.5,0
284,19,2.5,0
284,9,3.0,0
284,8,2.5,0
284,21,2.5,0
284,7,3.0,0
284,1,4.5,0
285,8,5.0,0
285,4,2.5,0
285,1,2.5,0
285,10,2.5,0
285,6,2.0,0
285,11,2.5,0
285,27,2.0,0
285,22,4.5,0
285,18,2.0,0
285,28,2.0,0
285,25,5.0,0
285,13,4.0,0
285,15,2.5,0
285,26,4.0,0
285,23,3.0,0
285,3,4.0,0
285,5,4.5,0
285,19,4.0,0
286,30,3.0,0
286,27,3.5,0
286,13,3.5,0
286,21,1.5,0
286,25,1.5,0
286,12,4.5,0
286,10,5.0,0
286,14,3.5,0
286,28,3.0,0
286,11,3.0,0
286,29,3.5,0
286,22,3.5,0
286,24,4.0,0
286,16,5.0,0
286,2,2.0,0
286,9,2.5,0
286,17,2.5,0
286,3,3.0,0
287,15,5.0,0
287,2,4.5,0
287,6,3.0,0
287,22,4.0,0
287,16,3.5,0
287,14,1.5,0
287,4,3.0,0
287,3,3.5,0
287,1,2.0,0
287,25,4.0,0
287,20,3.5,0
287,8,3.5,0
287,12,2.0,0
287,28,3.5,0
287,24,3.0,0
287,21,2.5,0
287,30,4.0,0
287,10,2.0,0
288,15,1.5,0
288,1,3.5,0
288,29,3.0,0
288,22,3.5,0
288,24,4.5,0
288,17,4.5,0
288,13,2.5,0
288,2,3.5,0
288,7,2.5,0
288,26,5.0,0
288,12,4.0,0
288,18,2.5,0
288,27,1.5,0
288,25,3.5,0
288,9,2.5,0
288,21,3.5,0
288,6,2.0,0
288,14,2.0,0
289,28,3.0,0
289,5,5.0,0
289,12,2.0,0
289,7,2.5,0
289,13,3.5,0
289,21,2.0,0
289,25,3.5,0
289,22,5.0,0
289,30,2.5,0
289,20,5.0,0
289,17,3.0,0
289,29,3.5,0
289,15,2.5,0
289,14,4.0,0
289,11,3.0,0
289,1,1.5,0
289,16,2.0,0
289,3,2.5,0
290,13,2.5,0
290,6,2.5,0
290,7,4.0,0
290,28,5.0,0
290,5,2.5,0
290,23,4.0,0
290,30,4.0,0
290,27,3.0,0
290,9,4.5,0
290,8,4.5,0
290,14,2.5,0
290,19,4.5,0
290,22,3.5,0
290,1,3.0,0
290,2,4.0,0
290,18,5.0,0
290,3,2.0,0
290,26,2.0,0
291,13,3.0,0
291,28,3.5,0
291,4,2.5,0
291,16,2.5,0
291,22,3.0,0
291,1,4.5,0
291,12,3.5,0
291,5,2.5,0
291,21,3.0,0
291,25,2.0,0
291,17,4.5,0
291,10,4.5,0
291,3,3.5,0
291,18,4.0,0
291,8,2.5,0
291,15,4.0,0
291,9,2.0,0
291,26,4.0,0
292,6,3.0,0
292,15,3.0,0
292,27,2.5,0
292,23,2.5,0
292,28,1.5,0
292,30,3.0,0
292,22,4.5,0
292,25,5.0,0
292,7,2.5,0
292,21,3.0,0
292,20,4.5,0
292,18,2.5,0
292,8,4.5,0
292,29,3.5,0
292,19,3.0,0
292,10,1.5,0
292,1,4.0,0
292,14,5.0,0
293,20,3.0,0
293,18,3.5,0
293,26,2.5,0
293,9,3.5,0
293,8,3.0,0
293,12,4.5,0
293,19,4.5,0
293,5,3.5,0
293,4,5.0,0
293,14,4.0,0
293,22,3.5,0
293,6,3.0,0
293,16,4.5,0
293,24,3.5,0
293,2,2.0,0
293,25,3.0,0
293,21,2.5,0
293,28,3.0,0
294,11,2.5,0
294,29,3.5,0
294,12,2.5,0
294,27,3.5,0
294,8,4.0,0
294,4,2.5,0
294,9,3.5,0
294,7,4.0,0
294,19,3.0,0
294,6,3.0,0
294,1,2.5,0
294,26,4.5,0
294,21,3.0,0
294,5,2.5,0
294,14,2.0,0
294,10,2.0,0
294,2,3.5,0
294,22,3.0,0
295,23,3.0,0
295,16,2.5,0
295,2,4.0,0
295,10,4.0,0
295,21,5.0,0
295,27,3.0,0
295,25,2.0,0
295,12,4.5,0
295,20,2.5,0
295,26,4.0,0
295,11,3.5,0
295,3,5.0,0
295,8,3.0,0
295,1,4.0,0
295,29,5.0,0
295,22,2.5,0
295,6,2.5,0
295,5,2.0,0
296,18,4.0,0
296,14,4.0,0
296,10,1.5,0
296,26,2.5,0
296,6,5.0,0
296,27,5.0,0
296,11,1.5,0
296,25,3.5,0
296,16,2.0,0
296,9,2.5,0
296,5,3.5,0
296,4,5.0,0
296,19,2.5,0
296,24,4.0,0
296,7,3.5,0
296,13,3.5,0
296,29,4.5,0
296,23,2.0,0
297,8,5.0,0
297,16,4.0,0
297,28,4.5,0
297,7,4.0,0
297,13,3.0,0
297,23,3.5,0
297,24,3.0,0
297,19,4.0,0
297,1,2.5,0
297,22,3.0,0
297,29,1.5,0
297,5,2.0,0
297,20,4.0,0
297,21,2.0,0
297,25,4.0,0
297,9,4.0,0
297,14,3.5,0
297,26,2.5,0
298,11,3.5,0
298,5,2.0,0
298,22,2.5,0
298,27,3.0,0
298,26,4.5,0
298,9,3.0,0
298,21,2.5,0
298,1,5.0,0
298,4,2.0,0
298,6,1.5,0
298,16,2.0,0
298,3,3.5,0
298,10,4.0,0
298,29,2.0,0
298,19,2.5,0
298,12,4.5,0
298,14,3.5,0
298,17,3.5,0
299,16,3.5,0
299,30,3.0,0
299,15,2.5,0
299,18,3.0,0
299,3,4.0,0
299,1,5.0,0
299,23,3.0,0
299,19,4.0,0
299,28,3.0,0
299,12,2.5,0
299,10,2.5,0
299,29,4.0,0
299,5,4.5,0
299,4,3.0,0
299,25,4.5,0
299,14,4.0,0
299,27,2.5,0
299,2,3.0,0
300,21,3.0,0
300,10,4.0,0
300,27,3.5,0
300,26,2.5,0
300,23,5.0,0
300,15,3.5,0
300,24,4.0,0
300,25,2.5,0
300,13,2.0,0
300,1,2.5,0
300,29,4.0,0
300,9,3.0,0
300,2,2.5,0
300,12,5.0,0
300,7,3.5,0
300,17,3.0,0
300,3,2.5,0
300,30,3.0,0
